feature,block,freq
n_units,aggregate,0.999621347760024
sum_cost,aggregate,0.999621347760024
mean_cost,aggregate,0.999621347760024
n_1star,aggregate,0.9188625673831622
n_2star,aggregate,0.9943298944128832
n_3star,aggregate,0.2662620854181385
n_items,aggregate,0.9974456095696188
n_active_traits,aggregate,0.9949081556611534
n_unique_traits,aggregate,0.8548527974295199
n_hi_cost,aggregate,0.9910115458689404
n_hi_cost_2star,aggregate,0.9266055822776236
n_hi_cost_1star,aggregate,0.8580138782699585
n_carries,aggregate,0.9880422106516206
n_components,aggregate,0.324252736458041
n_artifacts,aggregate,0.2012234217581077
n_radiants,aggregate,0.0779013471793432
n_emblems,aggregate,0.271399900316471
n_full_items,aggregate,0.9973143515247708
n_full_items_on_hi_cost,aggregate,0.9669114800584552
n_traits_gold_plus,aggregate,0.5991699894509663
n_traits_prismatic,aggregate,0.0033237924259873
board_value,aggregate,0.999621347760024
trait_Defender,trait,0.4661069952674518
trait_Juggernaut,trait,0.5085462899338992
trait_Magus,trait,0.221045806033273
trait_Noxus,trait,0.1434753259070717
trait_Piltover,trait,0.3439232969117462
trait_Slayer,trait,0.094508211793626
trait_Sorcerer,trait,0.4021135569599427
trait_SylasTrait,trait,0.06808602785332
trait_Targon,trait,0.309637122920437
trait_Vanquisher,trait,0.1624805229997967
trait_Zaun,trait,0.097801760430478
trait_Demacia,trait,0.1095236482236008
trait_Freljord,trait,0.1209521712621096
trait_Rapidfire,trait,0.19039795987496
trait_Emperor,trait,0.1315955655346618
trait_Invoker,trait,0.2390263435500885
trait_Shurima,trait,0.067247670018485
trait_Warden,trait,0.2779470757885161
trait_AurelionSolUnique,trait,0.0330703736680635
trait_Explorer,trait,0.0426600743271361
trait_ShyvanaUnique,trait,0.2981420635458302
trait_XerathUnique,trait,0.0180640103748294
trait_Bilgewater,trait,0.074997338546556
trait_Brawler,trait,0.3938007490781693
trait_KindredUnique,trait,0.1562648194566764
trait_Chronokeeper,trait,0.0864355395975882
trait_DarkinWeapon,trait,0.09315389491614
trait_Ionia,trait,0.188868833896271
trait_KaisaUnique,trait,0.0853080511386181
trait_Longshot,trait,0.1400172510573228
trait_Void,trait,0.1496934489533229
trait_Gunslinger,trait,0.1431662343821073
trait_TheBoss,trait,0.1542542123549508
trait_Blacksmith,trait,0.1338553814588636
trait_Harvester,trait,0.2016190105199996
trait_ShadowIsles,trait,0.0481523464341362
trait_Soulbound,trait,0.20340520870634
trait_Glutton,trait,0.0588519941544804
trait_Heroic,trait,0.096197629854733
trait_Yordle,trait,0.1400487045980237
trait_DarkChild,trait,0.0330951735751546
trait_HexMech,trait,0.0602649839828892
trait_Caretaker,trait,0.0331568709049909
trait_Huntress,trait,0.0379940625393169
trait_AatroxUnique,trait,0.0427901226204186
trait_BaronUnique,trait,0.0158537942648097
trait_ZaahenTrait,trait,0.0147480813340172
trait_RuneMage,trait,0.0584999564489436
unit_Briar,unit,0.0628520377055368
unit_Vi,unit,0.3022334433400757
unit_Ambessa,unit,0.1452887435036341
unit_Taric,unit,0.2850223078188663
unit_Seraphine,unit,0.2524128494972272
unit_Swain,unit,0.4733007829512131
unit_Sylas,unit,0.0681955103699904
unit_Mel,unit,0.0594550553098415
unit_Ashe,unit,0.0271208154693352
unit_Draven,unit,0.0578714905107087
unit_Sejuani,unit,0.1091026546788351
unit_Garen,unit,0.1201779302602417
unit_Orianna,unit,0.1297730748013588
unit_Loris,unit,0.21167930453802
unit_Lissandra,unit,0.1280969640074714
unit_Braum,unit,0.2099596426877776
unit_Renekton,unit,0.0324364638477842
unit_Azir,unit,0.1320873295460044
unit_Neeko,unit,0.152075449785632
unit_Shyvana,unit,0.2990306260706301
unit_AurelionSol,unit,0.0330988028298508
unit_Xerath,unit,0.0180863907787896
unit_Illaoi,unit,0.0410644120123491
unit_Nautilus,unit,0.1131123762424148
unit_Skarner,unit,0.0840759191692394
unit_Kindred,unit,0.1568297734377268
unit_Milio,unit,0.0384144512082998
unit_Zilean,unit,0.086754309135076
unit_KogMaw,unit,0.0799784906171668
unit_RekSai,unit,0.0455338391707878
unit_ChoGath,unit,0.1070061552159648
unit_Wukong,unit,0.2723906868485488
unit_BelVeth,unit,0.0966301160393701
unit_RiftHerald,unit,0.1017770040744432
unit_Kaisa,unit,0.085614118284669
unit_Shen,unit,0.1374035828002361
unit_Jhin,unit,0.0112912162358338
unit_Ahri,unit,0.1038632206490075
unit_Yunara,unit,0.115633498504747
unit_Sett,unit,0.1546866985395879
unit_Gwen,unit,0.0380279355831486
unit_Kalista,unit,0.0463836896454944
unit_Ornn,unit,0.1343798087624725
unit_Fiddlesticks,unit,0.2022226765511434
unit_Lucian,unit,0.2041026304838038
unit_Thresh,unit,0.0456118681467573
unit_TwistedFate,unit,0.0410220707075595
unit_MissFortune,unit,0.0784227501040386
unit_TahmKench,unit,0.0589566376648891
unit_JarvanIV,unit,0.1006047548075527
unit_XinZhao,unit,0.0892082901855275
unit_Poppy,unit,0.1380762046706088
unit_Vayne,unit,0.029276592758911
unit_Lux,unit,0.1023219971546643
unit_Galio,unit,0.0964044973724196
unit_Nasus,unit,0.0284291617873353
unit_Annie,unit,0.0331883244456918
unit_AnnieTibbers,unit,0.0311450540516999
unit_tft16_atakhan,unit,0.0744305699381575
unit_Yasuo,unit,0.0279488904158641
unit_Yone,unit,0.0254676899551908
unit_Sona,unit,0.0808495117442682
unit_THex,unit,0.0603121642939405
unit_Sion,unit,0.0715350295663282
unit_Kobuko,unit,0.1247568399353508
unit_Darius,unit,0.0286475219448934
unit_Leblanc,unit,0.0265359005874553
unit_Caitlyn,unit,0.0680503401821401
unit_Aphelios,unit,0.0214174417141695
unit_Bard,unit,0.0335058842316141
unit_Nidalee,unit,0.0380212819495388
unit_Blitzcrank,unit,0.0361830644458853
unit_Jinx,unit,0.0389128688532523
unit_DrMundo,unit,0.0833663998761214
unit_Singed,unit,0.0778009377994135
unit_Warwick,unit,0.0444601846564789
unit_Rumble,unit,0.0496645358909094
unit_Teemo,unit,0.0509492920533839
unit_Kennen,unit,0.1388341140263435
unit_Veigar,unit,0.0394524180514289
unit_Fizz,unit,0.0748418854703998
unit_Ziggs,unit,0.094583216390682
unit_Yorick,unit,0.0444970820792242
unit_Gangplank,unit,0.061359809149593
unit_Aatrox,unit,0.0429649317216216
unit_Volibear,unit,0.1000035082795397
unit_Brock,unit,0.021287393420887
unit_Malzahar,unit,0.040968841638681
unit_BaronNashor,unit,0.0159009745758611
unit_Graves,unit,0.02256065694349
unit_Zaahen,unit,0.014773486116891
unit_Zoe,unit,0.0198774279713917
unit_Leona,unit,0.0251731154490113
unit_Diana,unit,0.0232127130372506
unit_Ryze,unit,0.05859068781635
unit_Lulu,unit,0.0344555392104677
unit_Ekko,unit,0.0345843777521848
unit_Viego,unit,0.0150680606230704
unit_Qiyana,unit,0.0148642174842974
unit_Anivia,unit,0.015834438239763
unit_Tristana,unit,0.0118664531051903
item_ThiefsGloves,item,0.3398113513408886
item_UnstableConcoction,item,0.2419890251337985
item_SpectralGauntlet,item,0.2789475403331172
item_StatikkShiv,item,0.3223497972456376
item_RedBuff,item,0.4916980798823153
item_Redemption,item,0.402847271284369
item_TheIndomitable,item,0.0118682677325384
item_GuardianAngel,item,0.1360032953632642
item_TitansResolve,item,0.2778817492039834
item_JeweledGauntlet,item,0.5042232427148761
item_AdaptiveHelm,item,0.2608980469770728
item_SpearOfShojin,item,0.3989300957155438
item_GuinsoosRageblade,item,0.4878432065191092
item_RunaansHurricane,item,0.158485318455002
item_HellfireHatchet,item,0.0080738819476032
item_Quicksilver,item,0.1437590126491623
item_WarmogsArmor,item,0.2760737754894655
item_DragonsClaw,item,0.2639345234062732
item_FrozenHeart,item,0.2695138976259835
item_PowerGauntlet,item,0.2116672070223658
item_RapidFireCannon,item,0.1894362073804523
item_Leviathan,item,0.2691896842064513
item_HextechGunblade,item,0.2611381826628083
item_OrnnHullbreaker,item,0.0092878676435007
item_GargoyleStoneplate,item,0.3765297308544717
item_Morellonomicon,item,0.1887206393295073
item_Crownguard,item,0.1466618115303841
item_InfinityEdge,item,0.3643015620312212
item_RapidFirecannon,item,0.0090574099702885
item_TheDarkinAegis,item,0.0089092154035247
item_SteraksGage,item,0.2774051070872085
item_Dawncore,item,0.0097463634867943
item_ArchangelsStaff,item,0.1488986421748429
item_RabadonsDeathcap,item,0.1641735703155999
item_Bloodthirster,item,0.3574465047857772
item_LichBane,item,0.009064668479681
item_MadredsBloodrazor,item,0.2236171329855701
item_IoniaEmblemItem,item,0.0266707878869995
item_LastWhisper,item,0.1558692306947845
item_OrnnTheCollector,item,0.008979380994319
item_IonicSpark,item,0.1754418012716908
item_Bilgewater_CaptainsBrew,item,0.0326360728560782
item_Bilgewater_LuckyEyepatch,item,0.0074121478413193
item_BrambleVest,item,0.2096934973433855
item_Bilgewater_FreebootersFrock,item,0.0217846013142741
item_Bilgewater_BilgeratCutlass,item,0.0053688774473274
item_LongshotEmblemItem,item,0.0129999903219874
item_RapidfireEmblemItem,item,0.0214168368383868
item_NightHarvester,item,0.2120585616537788
item_EmptyBag,item,0.0169697900839083
item_Deathblade,item,0.1215461592807301
item_DemaciaEmblemItem,item,0.0317287591820143
item_BlueBuff,item,0.1748762424148577
item_AegisOfDusk,item,0.0098262070901119
item_TacticiansRing,item,0.0130429365025598
item_LudensTempest,item,0.0077714440562486
item_GunslingerEmblemItem,item,0.0133822718166597
item_ZaunEmblemItem,item,0.0263302428213342
item_OrnnHorizonFocus,item,0.0093652917436875
item_SilvermereDawn,item,0.008421685522661
item_VanquisherEmblemItem,item,0.0331260222400727
item_ForceOfNature,item,0.0456118681467573
item_SeekersArmguard,item,0.0101244108509876
item_LightshieldCrest,item,0.0117103951532513
item_Mittens,item,0.0107389646462202
item_OrnnDeathsDefiance,item,0.0112004848684274
item_BrawlerEmblemItem,item,0.021836620631587
item_JuggernautEmblemItem,item,0.0213751004093799
item_NoxusEmblemItem,item,0.0222497507911775
item_InvokerEmblemItem,item,0.0265467883515441
item_Bilgewater_FirstMatesFlintlock,item,0.0176920117684632
item_BilgewaterEmblemItem,item,0.024836804513825
item_Bilgewater_PileOCitrus,item,0.023369980740755
item_NavoriFlickerblades,item,0.0122354273326429
item_OrnnInfinityForce,item,0.0159741645455689
item_ProwlersClaw,item,0.0083478906771705
item_FreljordEmblemItem,item,0.0232798542491314
item_Fishbones,item,0.0082928469809439
item_CrownOfDemacia,item,0.005136605146767
item_VoidEmblemItem,item,0.0202022462667066
item_EternalPact,item,0.0076692200489707
item_TheDarkinStaff,item,0.008109569618783
item_TalismanOfAscension,item,0.0070552711295208
item_Bilgewater_DeadmansDagger,item,0.0190977430874795
item_HorizonFocus,item,0.007758136789029
item_WardenEmblemItem,item,0.0160691300434542
item_YordleEmblemItem,item,0.0235931799045747
item_WitsEnd,item,0.0092558092270171
item_ShimmerscaleMogulsMail,item,0.0077097467264122
item_VoidGauntlet,item,0.0093223455631151
item_BlightingJewel,item,0.0082541349308506
item_OrnnZhonyasParadox,item,0.0089025617699149
item_PiltoverEmblemItem,item,0.0191219381187879
item_DefenderEmblemItem,item,0.0175916023885334
item_TacticiansScepter,item,0.0060414993177001
item_AegisOfDawn,item,0.0098310460963736
item_TheDarkinBow,item,0.0181807514008923
item_SlayerEmblemItem,item,0.0141571176943102
item_SorcererEmblemItem,item,0.0163788264442014
item_IxtalEmblemItem,item,0.0124918946645116
item_MagusEmblemItem,item,0.0141686103341817
item_TheDarkinScythe,item,0.0127616692636
item_Bilgewater_BlackmarketExplosives,item,0.0050809565747578
item_ThiefsGlovesRadiant,item,0.0143113610189011
pair_Ambessa__ThiefsGloves,unit_item,0.0171276626631954
pair_Ambessa__UnstableConcoction,unit_item,0.0396121052580642
pair_Ambessa__GuardianAngel,unit_item,0.0255862456086018
pair_Ambessa__TitansResolve,unit_item,0.0250442769072943
pair_Ambessa__Quicksilver,unit_item,0.0093695258741664
pair_Ambessa__PowerGauntlet,unit_item,0.0066996041692877
pair_Ambessa__InfinityEdge,unit_item,0.0081670328181404
pair_Ambessa__SteraksGage,unit_item,0.0322435084730999
pair_Ambessa__Bloodthirster,unit_item,0.0357372709940286
pair_Ambessa__MadredsBloodrazor,unit_item,0.0065193511860404
pair_Ambessa__LastWhisper,unit_item,0.0066245995722318
pair_Ambessa__Deathblade,unit_item,0.0095915152864207
pair_Seraphine__StatikkShiv,unit_item,0.0351608243731067
pair_Seraphine__JeweledGauntlet,unit_item,0.0616646665440785
pair_Seraphine__AdaptiveHelm,unit_item,0.0115392153067446
pair_Seraphine__SpearOfShojin,unit_item,0.0352164729451159
pair_Seraphine__GuinsoosRageblade,unit_item,0.0072911726847774
pair_Seraphine__PowerGauntlet,unit_item,0.0070903539249179
pair_Seraphine__RapidFireCannon,unit_item,0.0183773360302728
pair_Seraphine__Leviathan,unit_item,0.0409240808307605
pair_Seraphine__HextechGunblade,unit_item,0.035411847822931
pair_Seraphine__Morellonomicon,unit_item,0.0222654775615279
pair_Seraphine__ArchangelsStaff,unit_item,0.0138099189950351
pair_Seraphine__RabadonsDeathcap,unit_item,0.0099641187685696
pair_Seraphine__MadredsBloodrazor,unit_item,0.0084797535978011
pair_Seraphine__BlueBuff,unit_item,0.0137911678457711
pair_Swain__ThiefsGloves,unit_item,0.0358703436662247
pair_Swain__SpectralGauntlet,unit_item,0.0259733661095357
pair_Swain__RedBuff,unit_item,0.0482055755030147
pair_Swain__Redemption,unit_item,0.0327044238195244
pair_Swain__AdaptiveHelm,unit_item,0.0218462986441104
pair_Swain__WarmogsArmor,unit_item,0.0250521402924695
pair_Swain__DragonsClaw,unit_item,0.0185823889206112
pair_Swain__FrozenHeart,unit_item,0.0842253234875685
pair_Swain__GargoyleStoneplate,unit_item,0.0252608224375042
pair_Swain__Morellonomicon,unit_item,0.0071423732422309
pair_Swain__Crownguard,unit_item,0.0188908755697929
pair_Swain__SteraksGage,unit_item,0.0090320051874147
pair_Swain__IonicSpark,unit_item,0.0192876740832502
pair_Swain__BrambleVest,unit_item,0.0152912597868901
pair_Swain__NightHarvester,unit_item,0.0166649326894229
pair_Swain__DemaciaEmblemItem,unit_item,0.0120733206228768
pair_Sylas__ThiefsGloves,unit_item,0.0097016026788738
pair_Sylas__UnstableConcoction,unit_item,0.0097687438907545
pair_Sylas__GuardianAngel,unit_item,0.0076438152660969
pair_Sylas__TitansResolve,unit_item,0.0058975388814153
pair_Sylas__JeweledGauntlet,unit_item,0.0171911746203799
pair_Sylas__AdaptiveHelm,unit_item,0.0051989073523861
pair_Sylas__HextechGunblade,unit_item,0.0063112739167884
pair_Sylas__Crownguard,unit_item,0.0060554114607024
pair_Sylas__RabadonsDeathcap,unit_item,0.0056271594065442
pair_Sylas__Bloodthirster,unit_item,0.0123158758117433
pair_Mel__StatikkShiv,unit_item,0.0069978079301634
pair_Mel__JeweledGauntlet,unit_item,0.0348650401153619
pair_Mel__AdaptiveHelm,unit_item,0.026526222574932
pair_Mel__SpearOfShojin,unit_item,0.0170242289043522
pair_Mel__Leviathan,unit_item,0.0218329913768908
pair_Mel__BlueBuff,unit_item,0.0066929505356779
pair_Mel__VanquisherEmblemItem,unit_item,0.0053083898690564
pair_Sejuani__ThiefsGloves,unit_item,0.0078125756094728
pair_Sejuani__RedBuff,unit_item,0.006206025530597
pair_Garen__SpectralGauntlet,unit_item,0.0095751836402876
pair_Garen__RedBuff,unit_item,0.0352576044983402
pair_Garen__Redemption,unit_item,0.0373897916323903
pair_Garen__AdaptiveHelm,unit_item,0.0053997261122455
pair_Garen__WarmogsArmor,unit_item,0.023871422764621
pair_Garen__DragonsClaw,unit_item,0.028236206412651
pair_Garen__FrozenHeart,unit_item,0.0074000503256651
pair_Garen__GargoyleStoneplate,unit_item,0.0206722347498717
pair_Garen__SteraksGage,unit_item,0.0162826511947506
pair_Garen__IonicSpark,unit_item,0.00964716385843
pair_Garen__BrambleVest,unit_item,0.0187789735499917
pair_Garen__NightHarvester,unit_item,0.0253110271274691
pair_Loris__ThiefsGloves,unit_item,0.0165306502656614
pair_Loris__SpectralGauntlet,unit_item,0.01599896445266
pair_Loris__RedBuff,unit_item,0.0185249257212538
pair_Loris__Redemption,unit_item,0.0136320855149186
pair_Loris__AdaptiveHelm,unit_item,0.0067794477726054
pair_Loris__WarmogsArmor,unit_item,0.0115585713317913
pair_Loris__DragonsClaw,unit_item,0.0100959816892003
pair_Loris__FrozenHeart,unit_item,0.0122807930163461
pair_Loris__GargoyleStoneplate,unit_item,0.0180978834186611
pair_Loris__Crownguard,unit_item,0.0116384149351089
pair_Loris__SteraksGage,unit_item,0.0052291511415215
pair_Loris__IonicSpark,unit_item,0.0065374974595217
pair_Loris__BrambleVest,unit_item,0.0105066923456598
pair_Loris__NightHarvester,unit_item,0.0091650778596107
pair_Lissandra__StatikkShiv,unit_item,0.0423243682677325
pair_Lissandra__JeweledGauntlet,unit_item,0.03676011594259
pair_Lissandra__AdaptiveHelm,unit_item,0.0136490220368345
pair_Lissandra__SpearOfShojin,unit_item,0.038578372545414
pair_Lissandra__PowerGauntlet,unit_item,0.0051372100225497
pair_Lissandra__RapidFireCannon,unit_item,0.0127640887667308
pair_Lissandra__Leviathan,unit_item,0.0171657698375061
pair_Lissandra__HextechGunblade,unit_item,0.0108859494614186
pair_Lissandra__Morellonomicon,unit_item,0.0183870140427961
pair_Lissandra__ArchangelsStaff,unit_item,0.0116105906491043
pair_Lissandra__RabadonsDeathcap,unit_item,0.0085783483503827
pair_Lissandra__MadredsBloodrazor,unit_item,0.0086702894693545
pair_Lissandra__BlueBuff,unit_item,0.0098691532706843
pair_Azir__StatikkShiv,unit_item,0.0093108529232436
pair_Azir__JeweledGauntlet,unit_item,0.01141763527442
pair_Azir__GuinsoosRageblade,unit_item,0.025092666969911
pair_Azir__HextechGunblade,unit_item,0.0070207932099064
pair_Azir__MadredsBloodrazor,unit_item,0.0063409128301412
pair_Taric__ThiefsGloves,unit_item,0.0201248221665198
pair_Taric__SpectralGauntlet,unit_item,0.0121882470215916
pair_Taric__RedBuff,unit_item,0.031307160761466
pair_Taric__Redemption,unit_item,0.0291290030679299
pair_Taric__AdaptiveHelm,unit_item,0.0088529619557327
pair_Taric__WarmogsArmor,unit_item,0.0211748865253031
pair_Taric__DragonsClaw,unit_item,0.0206819127623951
pair_Taric__FrozenHeart,unit_item,0.0145690381023353
pair_Taric__GargoyleStoneplate,unit_item,0.0290298034395656
pair_Taric__Crownguard,unit_item,0.0096380907216893
pair_Taric__SteraksGage,unit_item,0.0074060990834922
pair_Taric__IonicSpark,unit_item,0.0135232078740309
pair_Taric__BrambleVest,unit_item,0.0153571912472054
pair_Taric__NightHarvester,unit_item,0.0162620854181385
pair_AurelionSol__JeweledGauntlet,unit_item,0.0279761098260861
pair_AurelionSol__SpearOfShojin,unit_item,0.0145871843758165
pair_AurelionSol__Leviathan,unit_item,0.0252656614437659
pair_Skarner__SpectralGauntlet,unit_item,0.0079710530645426
pair_Skarner__RedBuff,unit_item,0.0180718737600046
pair_Skarner__Redemption,unit_item,0.0160727592981505
pair_Skarner__WarmogsArmor,unit_item,0.0112664163287427
pair_Skarner__DragonsClaw,unit_item,0.007285728802733
pair_Skarner__FrozenHeart,unit_item,0.0110637829415351
pair_Skarner__GargoyleStoneplate,unit_item,0.0447813736970975
pair_Skarner__IonicSpark,unit_item,0.0051940683461244
pair_Skarner__BrambleVest,unit_item,0.0078458437775218
pair_Skarner__NightHarvester,unit_item,0.0075089279665527
pair_Kindred__ThiefsGloves,unit_item,0.005296897229185
pair_Kindred__GuinsoosRageblade,unit_item,0.053379078072527
pair_Kindred__RunaansHurricane,unit_item,0.0271698104077346
pair_Kindred__RapidFireCannon,unit_item,0.0068163451953506
pair_Kindred__HextechGunblade,unit_item,0.0079686335614118
pair_Kindred__InfinityEdge,unit_item,0.0165451672844464
pair_Kindred__MadredsBloodrazor,unit_item,0.014910792919566
pair_Kindred__LastWhisper,unit_item,0.0104183804813843
pair_Kindred__Deathblade,unit_item,0.0092636726121923
pair_Braum__ThiefsGloves,unit_item,0.0082825640926379
pair_Braum__SpectralGauntlet,unit_item,0.0272061029546972
pair_Braum__RedBuff,unit_item,0.0443065462076707
pair_Braum__Redemption,unit_item,0.0486598372158293
pair_Braum__AdaptiveHelm,unit_item,0.0100270258499714
pair_Braum__WarmogsArmor,unit_item,0.0340375700446156
pair_Braum__DragonsClaw,unit_item,0.0405115555469528
pair_Braum__FrozenHeart,unit_item,0.0201913585026179
pair_Braum__GargoyleStoneplate,unit_item,0.0516672796074598
pair_Braum__Crownguard,unit_item,0.0158181065936299
pair_Braum__SteraksGage,unit_item,0.0089618395966204
pair_Braum__IonicSpark,unit_item,0.0134391301402344
pair_Braum__BrambleVest,unit_item,0.0335730254434949
pair_Braum__NightHarvester,unit_item,0.0275212432374887
pair_Zilean__StatikkShiv,unit_item,0.0223537894258035
pair_Zilean__JeweledGauntlet,unit_item,0.0123745487626661
pair_Zilean__AdaptiveHelm,unit_item,0.0084186611437475
pair_Zilean__SpearOfShojin,unit_item,0.0171651649617234
pair_Zilean__RapidFireCannon,unit_item,0.0090090199076717
pair_Zilean__Leviathan,unit_item,0.0073740406670086
pair_Zilean__HextechGunblade,unit_item,0.0064727757507718
pair_Zilean__Morellonomicon,unit_item,0.0087676744703707
pair_Zilean__ArchangelsStaff,unit_item,0.0056701055871166
pair_Zilean__BlueBuff,unit_item,0.0074502550156299
pair_BelVeth__UnstableConcoction,unit_item,0.0097088611882663
pair_BelVeth__TitansResolve,unit_item,0.0074871524383752
pair_BelVeth__GuinsoosRageblade,unit_item,0.0200867149922092
pair_BelVeth__RunaansHurricane,unit_item,0.034246857065433
pair_BelVeth__Quicksilver,unit_item,0.0506873808394708
pair_BelVeth__HextechGunblade,unit_item,0.0062036060274662
pair_BelVeth__InfinityEdge,unit_item,0.0058775779805859
pair_BelVeth__Bloodthirster,unit_item,0.0100221868437097
pair_BelVeth__MadredsBloodrazor,unit_item,0.0280753094544504
pair_BelVeth__VanquisherEmblemItem,unit_item,0.0073147628403031
pair_BelVeth__TheDarkinBow,unit_item,0.0071399537391001
pair_RiftHerald__SpectralGauntlet,unit_item,0.0187227201021998
pair_RiftHerald__RedBuff,unit_item,0.0480507273026411
pair_RiftHerald__Redemption,unit_item,0.0431923650159203
pair_RiftHerald__AdaptiveHelm,unit_item,0.0053307702730167
pair_RiftHerald__WarmogsArmor,unit_item,0.0206401763333881
pair_RiftHerald__DragonsClaw,unit_item,0.0199977982521509
pair_RiftHerald__FrozenHeart,unit_item,0.0118156435394427
pair_RiftHerald__GargoyleStoneplate,unit_item,0.0259515905813582
pair_RiftHerald__Crownguard,unit_item,0.0055079988773505
pair_RiftHerald__SteraksGage,unit_item,0.0061588452195457
pair_RiftHerald__BrambleVest,unit_item,0.0150831825176381
pair_RiftHerald__NightHarvester,unit_item,0.0134639300473254
pair_Kaisa__StatikkShiv,unit_item,0.0196306386520464
pair_Kaisa__JeweledGauntlet,unit_item,0.0372137727796219
pair_Kaisa__SpearOfShojin,unit_item,0.0089455079504872
pair_Kaisa__GuinsoosRageblade,unit_item,0.0636619663785845
pair_Kaisa__HextechGunblade,unit_item,0.0278218665014952
pair_Kaisa__InfinityEdge,unit_item,0.0120775547533558
pair_Kaisa__ArchangelsStaff,unit_item,0.0072706069081653
pair_Kaisa__MadredsBloodrazor,unit_item,0.0092878676435007
pair_Wukong__ThiefsGloves,unit_item,0.0114799374800391
pair_Wukong__SpectralGauntlet,unit_item,0.0820991851113455
pair_Wukong__RedBuff,unit_item,0.0879029682464409
pair_Wukong__Redemption,unit_item,0.0682856368616141
pair_Wukong__AdaptiveHelm,unit_item,0.0096586564983015
pair_Wukong__WarmogsArmor,unit_item,0.032230806081663
pair_Wukong__DragonsClaw,unit_item,0.0274057119629912
pair_Wukong__FrozenHeart,unit_item,0.0316809739951803
pair_Wukong__GargoyleStoneplate,unit_item,0.042706044886622
pair_Wukong__Crownguard,unit_item,0.0060765821130972
pair_Wukong__SteraksGage,unit_item,0.0219473128998228
pair_Wukong__IonicSpark,unit_item,0.0091693119900897
pair_Wukong__BrambleVest,unit_item,0.0222376532755233
pair_Wukong__NightHarvester,unit_item,0.0199306570402702
pair_Yunara__TitansResolve,unit_item,0.0332717973037057
pair_Yunara__GuinsoosRageblade,unit_item,0.0966319306667182
pair_Yunara__RunaansHurricane,unit_item,0.0196082582480861
pair_Yunara__PowerGauntlet,unit_item,0.0106034724708933
pair_Yunara__InfinityEdge,unit_item,0.0908952887435036
pair_Yunara__MadredsBloodrazor,unit_item,0.0084652365790161
pair_Yunara__LastWhisper,unit_item,0.0053077849932737
pair_Yunara__Deathblade,unit_item,0.008658796829483
pair_Sett__ThiefsGloves,unit_item,0.0320076069178433
pair_Sett__UnstableConcoction,unit_item,0.0347888257667405
pair_Sett__TitansResolve,unit_item,0.0146664231033514
pair_Sett__JeweledGauntlet,unit_item,0.0476696555595342
pair_Sett__PowerGauntlet,unit_item,0.0120884425174446
pair_Sett__HextechGunblade,unit_item,0.0104455998916062
pair_Sett__ArchangelsStaff,unit_item,0.0123920901603646
pair_Sett__RabadonsDeathcap,unit_item,0.0140325132830721
pair_Sett__Bloodthirster,unit_item,0.0239010616779738
pair_Sett__MadredsBloodrazor,unit_item,0.0087259380413638
pair_Kalista__SpearOfShojin,unit_item,0.0328864914301199
pair_Kalista__PowerGauntlet,unit_item,0.0239657833867237
pair_Kalista__InfinityEdge,unit_item,0.0113486794351911
pair_Kalista__MadredsBloodrazor,unit_item,0.0052854045893135
pair_Kalista__LastWhisper,unit_item,0.0281648310702914
pair_Kalista__Deathblade,unit_item,0.0071611243914949
pair_Ornn__ThiefsGloves,unit_item,0.0085027388775441
pair_Ornn__SpectralGauntlet,unit_item,0.008511207138502
pair_Ornn__RedBuff,unit_item,0.0091572144744355
pair_Ornn__Redemption,unit_item,0.0091257609337346
pair_Ornn__WarmogsArmor,unit_item,0.0083236956458621
pair_Ornn__DragonsClaw,unit_item,0.0060058116465202
pair_Ornn__FrozenHeart,unit_item,0.006580443640094
pair_Ornn__GargoyleStoneplate,unit_item,0.0089551859630106
pair_Ornn__Crownguard,unit_item,0.0053102044964046
pair_Ornn__BrambleVest,unit_item,0.0066421409699304
pair_Ornn__NightHarvester,unit_item,0.0056326032885886
pair_Fiddlesticks__ThiefsGloves,unit_item,0.0291562224781518
pair_Fiddlesticks__UnstableConcoction,unit_item,0.0095915152864207
pair_Fiddlesticks__StatikkShiv,unit_item,0.0077980585906878
pair_Fiddlesticks__GuardianAngel,unit_item,0.0050023227230056
pair_Fiddlesticks__JeweledGauntlet,unit_item,0.0106712185585568
pair_Fiddlesticks__AdaptiveHelm,unit_item,0.005993714130866
pair_Fiddlesticks__PowerGauntlet,unit_item,0.006551409602524
pair_Fiddlesticks__RapidFireCannon,unit_item,0.006632462957407
pair_Fiddlesticks__HextechGunblade,unit_item,0.0057100273887754
pair_Fiddlesticks__Morellonomicon,unit_item,0.011242826173217
pair_Fiddlesticks__Crownguard,unit_item,0.0053440775402363
pair_Fiddlesticks__RabadonsDeathcap,unit_item,0.0089388543168774
pair_Fiddlesticks__Bloodthirster,unit_item,0.0059870604972562
pair_Fiddlesticks__MadredsBloodrazor,unit_item,0.0054602136905165
pair_Fiddlesticks__IonicSpark,unit_item,0.0052987118565331
pair_Lucian__ThiefsGloves,unit_item,0.0065495949751758
pair_Lucian__AdaptiveHelm,unit_item,0.0060929137592304
pair_Lucian__SpearOfShojin,unit_item,0.0359229678593204
pair_Lucian__GuinsoosRageblade,unit_item,0.0261542239685658
pair_Lucian__RunaansHurricane,unit_item,0.0061800158719405
pair_Lucian__PowerGauntlet,unit_item,0.0089170787886999
pair_Lucian__RapidFireCannon,unit_item,0.0253273587736022
pair_Lucian__HextechGunblade,unit_item,0.0060523870817888
pair_Lucian__Morellonomicon,unit_item,0.0103197857288027
pair_Lucian__InfinityEdge,unit_item,0.0346055484045796
pair_Lucian__MadredsBloodrazor,unit_item,0.0134802616934586
pair_Lucian__LastWhisper,unit_item,0.0289003600220658
pair_Lucian__Deathblade,unit_item,0.0106857355773418
pair_Lucian__BlueBuff,unit_item,0.0098026169345863
pair_Thresh__StatikkShiv,unit_item,0.0106319016326807
pair_Thresh__TitansResolve,unit_item,0.0054414625412525
pair_Thresh__JeweledGauntlet,unit_item,0.0061703378594171
pair_Thresh__Morellonomicon,unit_item,0.0190475383975146
pair_Thresh__Crownguard,unit_item,0.0050622054254938
pair_Thresh__Bloodthirster,unit_item,0.0225158961355695
pair_Thresh__IonicSpark,unit_item,0.0120993302815333
pair_TwistedFate__GuinsoosRageblade,unit_item,0.0106548869124236
pair_TwistedFate__Bilgewater_CaptainsBrew,unit_item,0.016747800671654
pair_Nautilus__SpectralGauntlet,unit_item,0.0175117587852158
pair_Nautilus__RedBuff,unit_item,0.0188860365635313
pair_Nautilus__Redemption,unit_item,0.0148200615521596
pair_Nautilus__WarmogsArmor,unit_item,0.0091765704994822
pair_Nautilus__DragonsClaw,unit_item,0.0093822282656033
pair_Nautilus__FrozenHeart,unit_item,0.0071024514405721
pair_Nautilus__GargoyleStoneplate,unit_item,0.0166129133721099
pair_Nautilus__BrambleVest,unit_item,0.0089920833857559
pair_Nautilus__Bilgewater_FreebootersFrock,unit_item,0.0108369545230191
pair_Nautilus__NightHarvester,unit_item,0.0060953332623612
pair_MissFortune__SpearOfShojin,unit_item,0.0263967791574322
pair_MissFortune__GuinsoosRageblade,unit_item,0.0129449466257609
pair_MissFortune__PowerGauntlet,unit_item,0.0055043696226542
pair_MissFortune__InfinityEdge,unit_item,0.0422826318387256
pair_MissFortune__MadredsBloodrazor,unit_item,0.0062568350963446
pair_MissFortune__LastWhisper,unit_item,0.0104105170962091
pair_MissFortune__Bilgewater_CaptainsBrew,unit_item,0.0094306183282201
pair_MissFortune__Deathblade,unit_item,0.0053833944661124
pair_MissFortune__Bilgewater_FirstMatesFlintlock,unit_item,0.016752034802133
pair_MissFortune__Bilgewater_DeadmansDagger,unit_item,0.0170490288114432
pair_Shyvana__ThiefsGloves,unit_item,0.043879503905078
pair_Shyvana__UnstableConcoction,unit_item,0.0170508434387914
pair_Shyvana__SpectralGauntlet,unit_item,0.0067606966233414
pair_Shyvana__RedBuff,unit_item,0.0071520512547543
pair_Shyvana__Redemption,unit_item,0.0057505540662169
pair_Shyvana__GuardianAngel,unit_item,0.0122523638545588
pair_Shyvana__TitansResolve,unit_item,0.0215825728028492
pair_Shyvana__AdaptiveHelm,unit_item,0.0062108645368587
pair_Shyvana__Quicksilver,unit_item,0.0069379252276752
pair_Shyvana__WarmogsArmor,unit_item,0.0070516418748245
pair_Shyvana__FrozenHeart,unit_item,0.0062610692268235
pair_Shyvana__PowerGauntlet,unit_item,0.0054039602427245
pair_Shyvana__HextechGunblade,unit_item,0.0052079804891267
pair_Shyvana__InfinityEdge,unit_item,0.0083787393420887
pair_Shyvana__SteraksGage,unit_item,0.0336425861585064
pair_Shyvana__Bloodthirster,unit_item,0.0359235727351031
pair_Shyvana__MadredsBloodrazor,unit_item,0.007318996970782
pair_Shyvana__LastWhisper,unit_item,0.0051438636561595
pair_Shyvana__NightHarvester,unit_item,0.0058866511173265
pair_Shyvana__Deathblade,unit_item,0.0057281736622567
pair_TahmKench__Redemption,unit_item,0.0086370213013055
pair_TahmKench__WarmogsArmor,unit_item,0.0060118604043473
pair_TahmKench__FrozenHeart,unit_item,0.0182255122088128
pair_TahmKench__Bloodthirster,unit_item,0.0117237024204709
pair_TahmKench__Bilgewater_FreebootersFrock,unit_item,0.0094886864033602
pair_TahmKench__Bilgewater_PileOCitrus,unit_item,0.0174917978843864
pair_Vayne__RunaansHurricane,unit_item,0.0070988221858759
pair_Lux__StatikkShiv,unit_item,0.0152942841658037
pair_Lux__JeweledGauntlet,unit_item,0.0582259477193763
pair_Lux__AdaptiveHelm,unit_item,0.0056537739409834
pair_Lux__SpearOfShojin,unit_item,0.0279640123104319
pair_Lux__PowerGauntlet,unit_item,0.0081295305196124
pair_Lux__RapidFireCannon,unit_item,0.0052110048680402
pair_Lux__Leviathan,unit_item,0.0313325655443398
pair_Lux__HextechGunblade,unit_item,0.0287267606724283
pair_Lux__Morellonomicon,unit_item,0.0059374606830741
pair_Lux__ArchangelsStaff,unit_item,0.0175341391891761
pair_Lux__RabadonsDeathcap,unit_item,0.0075361473767747
pair_Lux__MadredsBloodrazor,unit_item,0.0073704114123123
pair_Lux__BlueBuff,unit_item,0.0094372719618299
pair_Galio__ThiefsGloves,unit_item,0.0216733041702555
pair_Galio__AdaptiveHelm,unit_item,0.0082275203964113
pair_Galio__DragonsClaw,unit_item,0.0126987621821982
pair_Nasus__RedBuff,unit_item,0.0055944961142779
pair_Nasus__Redemption,unit_item,0.0062925227675244
pair_Nasus__GargoyleStoneplate,unit_item,0.0060578309638332
pair_Yasuo__UnstableConcoction,unit_item,0.0098383046057661
pair_Yasuo__GuardianAngel,unit_item,0.0087428745632796
pair_Yasuo__InfinityEdge,unit_item,0.0114146108955065
pair_Yone__TitansResolve,unit_item,0.0148273200615521
pair_Yone__GuinsoosRageblade,unit_item,0.0177809285085214
pair_Yone__Bloodthirster,unit_item,0.0164598797990844
pair_THex__AdaptiveHelm,unit_item,0.0124078169307151
pair_THex__PowerGauntlet,unit_item,0.032528404966756
pair_THex__InfinityEdge,unit_item,0.0556310306115536
pair_THex__MadredsBloodrazor,unit_item,0.0066070581745332
pair_THex__Deathblade,unit_item,0.0204871427603627
pair_THex__BlueBuff,unit_item,0.0296788351544126
pair_Xerath__JeweledGauntlet,unit_item,0.0058055977624435
pair_Xerath__SpearOfShojin,unit_item,0.0058957242540671
pair_Leblanc__JeweledGauntlet,unit_item,0.0118604043473632
pair_Leblanc__SpearOfShojin,unit_item,0.007541591258819
pair_Leblanc__Leviathan,unit_item,0.0063947467748023
pair_Aphelios__GuinsoosRageblade,unit_item,0.0140809033456889
pair_Aphelios__RunaansHurricane,unit_item,0.0101473961307305
pair_Aphelios__InfinityEdge,unit_item,0.010381483058639
pair_Neeko__RedBuff,unit_item,0.0170593116997493
pair_Neeko__Redemption,unit_item,0.0156457169955577
pair_Neeko__WarmogsArmor,unit_item,0.0099677480232659
pair_Neeko__DragonsClaw,unit_item,0.0074726354195902
pair_Neeko__GargoyleStoneplate,unit_item,0.0206395714576054
pair_Neeko__IonicSpark,unit_item,0.0079250825050567
pair_Neeko__BrambleVest,unit_item,0.0061080356537981
pair_Neeko__NightHarvester,unit_item,0.0064389027069401
pair_Vi__ThiefsGloves,unit_item,0.0131209654785293
pair_Bard__StatikkShiv,unit_item,0.0058872559931092
pair_Bard__JeweledGauntlet,unit_item,0.0160927201989799
pair_Bard__SpearOfShojin,unit_item,0.0126957378032847
pair_Bard__Leviathan,unit_item,0.0076964394591926
pair_Bard__ArchangelsStaff,unit_item,0.0072627435229901
pair_Nidalee__ThiefsGloves,unit_item,0.0061171087905387
pair_Nidalee__UnstableConcoction,unit_item,0.0086400456802191
pair_Nidalee__JeweledGauntlet,unit_item,0.0121241301886244
pair_Nidalee__Bloodthirster,unit_item,0.0051208783764166
pair_Jinx__GuinsoosRageblade,unit_item,0.0248724921850048
pair_Jinx__RunaansHurricane,unit_item,0.0104492291463025
pair_Jinx__InfinityEdge,unit_item,0.0086025433816911
pair_Jinx__LastWhisper,unit_item,0.0075107425939009
pair_Singed__ThiefsGloves,unit_item,0.0103645465367232
pair_Singed__StatikkShiv,unit_item,0.0053483116707153
pair_Singed__RedBuff,unit_item,0.008837840061165
pair_Singed__Redemption,unit_item,0.0059205241611582
pair_Singed__Morellonomicon,unit_item,0.013348398772828
pair_Warwick__UnstableConcoction,unit_item,0.0085063681322403
pair_Warwick__GuardianAngel,unit_item,0.0053374239066265
pair_Warwick__TitansResolve,unit_item,0.0292034027892032
pair_Warwick__Quicksilver,unit_item,0.0051632196812062
pair_Warwick__SteraksGage,unit_item,0.0226882857336417
pair_Warwick__Bloodthirster,unit_item,0.0287914823811782
pair_Kennen__ThiefsGloves,unit_item,0.0055213061445701
pair_Kennen__RedBuff,unit_item,0.0275472528961452
pair_Kennen__Redemption,unit_item,0.0191558111626196
pair_Kennen__WarmogsArmor,unit_item,0.0151587919904768
pair_Kennen__DragonsClaw,unit_item,0.0144389898090528
pair_Kennen__FrozenHeart,unit_item,0.0073177872192166
pair_Kennen__GargoyleStoneplate,unit_item,0.0191322210070939
pair_Kennen__IonicSpark,unit_item,0.0119505308389869
pair_Kennen__BrambleVest,unit_item,0.0097639048844929
pair_Kennen__NightHarvester,unit_item,0.0095630861246334
pair_Veigar__SpearOfShojin,unit_item,0.0277105693574767
pair_Veigar__HextechGunblade,unit_item,0.0101945764417819
pair_Veigar__RabadonsDeathcap,unit_item,0.0367722134582442
pair_Veigar__BlueBuff,unit_item,0.0058110416444878
pair_Fizz__ThiefsGloves,unit_item,0.0125227433294298
pair_Fizz__UnstableConcoction,unit_item,0.0152096015562244
pair_Fizz__JeweledGauntlet,unit_item,0.0247436536432878
pair_Fizz__GuinsoosRageblade,unit_item,0.0059658898448614
pair_Fizz__PowerGauntlet,unit_item,0.0065012049125591
pair_Fizz__RabadonsDeathcap,unit_item,0.0176212413018862
pair_Fizz__Bloodthirster,unit_item,0.0116245027921066
pair_Ziggs__StatikkShiv,unit_item,0.0271093228294637
pair_Ziggs__JeweledGauntlet,unit_item,0.0368399595459076
pair_Ziggs__SpearOfShojin,unit_item,0.0116825708672467
pair_Ziggs__GuinsoosRageblade,unit_item,0.054132148422
pair_Ziggs__PowerGauntlet,unit_item,0.0068526377423132
pair_Ziggs__RapidFireCannon,unit_item,0.0098715727738151
pair_Ziggs__Leviathan,unit_item,0.0126037966843129
pair_Ziggs__HextechGunblade,unit_item,0.0104316877486039
pair_Ziggs__Morellonomicon,unit_item,0.0051837854578183
pair_Ziggs__ArchangelsStaff,unit_item,0.0071980218142402
pair_Ziggs__RabadonsDeathcap,unit_item,0.0159112574641671
pair_Ziggs__MadredsBloodrazor,unit_item,0.0098752020285114
pair_Volibear__ThiefsGloves,unit_item,0.0114248937838125
pair_Volibear__UnstableConcoction,unit_item,0.0104111219719918
pair_Volibear__GuardianAngel,unit_item,0.0081029159851732
pair_Volibear__TitansResolve,unit_item,0.0203080995286807
pair_Volibear__Quicksilver,unit_item,0.0068562669970094
pair_Volibear__InfinityEdge,unit_item,0.0055848181017546
pair_Volibear__SteraksGage,unit_item,0.0272218297250476
pair_Volibear__Bloodthirster,unit_item,0.0291586419812827
pair_Gangplank__UnstableConcoction,unit_item,0.0050168397417906
pair_Aatrox__UnstableConcoction,unit_item,0.0110153928789183
pair_Aatrox__TitansResolve,unit_item,0.0095854665285936
pair_Aatrox__SteraksGage,unit_item,0.0082632080675912
pair_Aatrox__Bloodthirster,unit_item,0.017613377916711
pair_Renekton__SteraksGage,unit_item,0.0054922721070001
pair_Renekton__Bloodthirster,unit_item,0.0073667821576161
pair_Milio__StatikkShiv,unit_item,0.0089285714285714
pair_Milio__JeweledGauntlet,unit_item,0.0094251744461757
pair_Milio__SpearOfShojin,unit_item,0.0088783667386065
pair_Brock__InfinityEdge,unit_item,0.0077944293359915
pair_Brock__SteraksGage,unit_item,0.0076244592410502
pair_Brock__Bloodthirster,unit_item,0.0079178239956642
pair_Sona__StatikkShiv,unit_item,0.0051142247428068
pair_Sona__JeweledGauntlet,unit_item,0.0093356528303347
pair_Sona__Leviathan,unit_item,0.0069373203518925
pair_Sona__HextechGunblade,unit_item,0.0077811220687719
pair_Sona__ArchangelsStaff,unit_item,0.0090186979201951
pair_Sion__RedBuff,unit_item,0.0158846429297279
pair_Sion__Redemption,unit_item,0.0085704849652075
pair_Sion__WarmogsArmor,unit_item,0.0050011129714401
pair_Sion__GargoyleStoneplate,unit_item,0.0056640568292895
pair_Draven__GuinsoosRageblade,unit_item,0.0123697097564044
pair_Draven__RunaansHurricane,unit_item,0.0050337762637064
pair_Draven__InfinityEdge,unit_item,0.0060929137592304
pair_Kobuko__ThiefsGloves,unit_item,0.0099604895138734
pair_Kobuko__RedBuff,unit_item,0.0063511957184472
pair_Kobuko__Redemption,unit_item,0.0054838038460421
pair_Kobuko__WarmogsArmor,unit_item,0.0053380287824092
pair_Kobuko__GargoyleStoneplate,unit_item,0.0053561750558905
pair_BaronNashor__InfinityEdge,unit_item,0.0083811588452195
pair_BaronNashor__SteraksGage,unit_item,0.007058900384217
pair_BaronNashor__Bloodthirster,unit_item,0.0081289256438297
pair_Zaahen__UnstableConcoction,unit_item,0.0056912762395114
pair_Zaahen__TitansResolve,unit_item,0.0129286149796277
pair_Zaahen__InfinityEdge,unit_item,0.0102453860075294
pair_Zaahen__Bloodthirster,unit_item,0.0091239463063865
pair_Diana__TitansResolve,unit_item,0.0066239946964491
pair_Diana__GuinsoosRageblade,unit_item,0.0064903171484703
pair_Diana__Bloodthirster,unit_item,0.0108182033737551
pair_Ryze__StatikkShiv,unit_item,0.0186719105364522
pair_Ryze__JeweledGauntlet,unit_item,0.0260882925082505
pair_Ryze__AdaptiveHelm,unit_item,0.007067368645175
pair_Ryze__SpearOfShojin,unit_item,0.0279694561924763
pair_Ryze__Leviathan,unit_item,0.0122717198796055
pair_Ryze__HextechGunblade,unit_item,0.005221892632129
pair_Ryze__Morellonomicon,unit_item,0.0075258644884686
pair_Ryze__ArchangelsStaff,unit_item,0.0056719202144647
pair_Ryze__BlueBuff,unit_item,0.0054372284107735
pair_Malzahar__JeweledGauntlet,unit_item,0.0108551007965004
pair_Malzahar__SpearOfShojin,unit_item,0.0056344179159367
pair_Malzahar__Leviathan,unit_item,0.0086327871708265
pair_Annie__StatikkShiv,unit_item,0.0143851558643916
pair_Annie__JeweledGauntlet,unit_item,0.0067606966233414
pair_Annie__AdaptiveHelm,unit_item,0.0113293234101444
pair_Annie__SpearOfShojin,unit_item,0.0171222187811511
pair_Annie__Leviathan,unit_item,0.0063378884512276
pair_Annie__BlueBuff,unit_item,0.0061413038218471
pair_AnnieTibbers__Redemption,unit_item,0.0066766188895448
pair_AnnieTibbers__WarmogsArmor,unit_item,0.0076280884957465
pair_AnnieTibbers__DragonsClaw,unit_item,0.0055104183804813
pair_AnnieTibbers__GargoyleStoneplate,unit_item,0.0086128262699971
pair_AnnieTibbers__BrambleVest,unit_item,0.0052188682532155
pair_AnnieTibbers__NightHarvester,unit_item,0.0050809565747578
pair_Zoe__JeweledGauntlet,unit_item,0.0058570122039737
pair_Zoe__SpearOfShojin,unit_item,0.005500740367958
pair_Leona__GargoyleStoneplate,unit_item,0.0070407541107358
pair_DrMundo__SpectralGauntlet,unit_item,0.0052872192166616
pair_DrMundo__RedBuff,unit_item,0.0056247399034134
pair_DrMundo__Redemption,unit_item,0.006216308418903
pair_Ahri__JeweledGauntlet,unit_item,0.0105859310731948
pair_Ahri__SpearOfShojin,unit_item,0.00695909588007
pair_Ahri__Leviathan,unit_item,0.0063699468677112
pair_Poppy__ThiefsGloves,unit_item,0.0059308070494643
pair_Ekko__TitansResolve,unit_item,0.0155580100070649
pair_Ekko__GuinsoosRageblade,unit_item,0.0121247350644071
pair_Ekko__Bloodthirster,unit_item,0.0154436884841329
pair_Teemo__StatikkShiv,unit_item,0.0064395075827228
pair_Viego__GuardianAngel,unit_item,0.0051172491217203
pair_Viego__TitansResolve,unit_item,0.0053864188450259
pair_Viego__Bloodthirster,unit_item,0.0056023594994531
level,level_model_B,1.0
archetype_Ionia_TheBoss_Wukong_0,archetype,0.11175140573131902
archetype_Piltover_Defender_Vi_1,archetype,0.21616445846680926
archetype_Demacia_Defender_Garen_2,archetype,0.10377309415738384
archetype_Piltover_Freljord_Braum_3,archetype,0.06487171794400302
archetype_Void_KaisaUnique_Kaisa_4,archetype,0.07089386123665645
archetype_Noxus_Juggernaut_Swain_5,archetype,0.09878710308051139
archetype_Brawler_Invoker_Kobuko_6,archetype,0.0653804184772615
archetype_Piltover_Warden_Loris_7,archetype,0.06349804504147029
archetype_Yordle_Defender_Kennen_8,archetype,0.05284678738374288
archetype_Gunslinger_Brawler_MissFortune_9,archetype,0.07316093567025075
archetype_Slayer_Vanquisher_BelVeth_10,archetype,0.05648511521673909
archetype_Yordle_Targon_Ziggs_11,archetype,0.022387057593852528
