m1,m2,metric,diff,lo,hi,p_value,delong_z,delong_p,p_holm,delong_p_holm
baseline_level,logreg_A,auc,-0.17338823431641195,-0.17415654820313456,-0.1726787087480539,0.0,-450.86357393462293,0.0,0.0,0.0
baseline_level,logreg_A,logloss,0.20046968969191936,0.19943126255066493,0.20143965795326027,0.0,,,0.0,
baseline_level,rf_A,auc,-0.18270776621487944,-0.1834153622271579,-0.18197101039196176,0.0,-496.655974086853,0.0,0.0,0.0
baseline_level,rf_A,logloss,0.22478130766424018,0.2240549074047354,0.22554137728336343,0.0,,,0.0,
baseline_level,lgbm_A,auc,-0.19766905136826513,-0.19835154423865822,-0.1970026233603514,0.0,-546.4561893847758,0.0,0.0,0.0
baseline_level,lgbm_A,logloss,0.2628253792062745,0.262055178594586,0.2636067592695267,0.0,,,0.0,
baseline_level,logreg_B,auc,-0.18418395600235127,-0.18491162530715538,-0.18349047399747853,0.0,-518.3752800955518,0.0,0.0,0.0
baseline_level,logreg_B,logloss,0.22990993506308036,0.22915400713484002,0.23070361064023648,0.0,,,0.0,
baseline_level,rf_B,auc,-0.18542187985892886,-0.1861160642332647,-0.18472283708654716,0.0,-520.7279708899383,0.0,0.0,0.0
baseline_level,rf_B,logloss,0.23070517485899142,0.23000793052839422,0.2314402307957719,0.0,,,0.0,
baseline_level,lgbm_B,auc,-0.19881428671600443,-0.1994836761213548,-0.1981502093503912,0.0,-554.9989458117336,0.0,0.0,0.0
baseline_level,lgbm_B,logloss,0.26572230586623125,0.2649413014872836,0.2665077937194766,0.0,,,0.0,
logreg_A,rf_A,auc,-0.009319531898467492,-0.009582191364883103,-0.009060093487514256,0.0,-72.70495565418311,0.0,0.0,0.0
logreg_A,rf_A,logloss,0.02431161797232083,0.023549969879486363,0.02508430445872393,0.0,,,0.0,
logreg_A,lgbm_A,auc,-0.024280817051853178,-0.024513976930381143,-0.024044595138615493,0.0,-193.06700044899264,0.0,0.0,0.0
logreg_A,lgbm_A,logloss,0.06235568951435519,0.06154487134911672,0.06308883159663915,0.0,,,0.0,
logreg_A,logreg_B,auc,-0.01079572168593931,-0.01097529035611619,-0.010607193170229765,0.0,-116.03949907060306,0.0,0.0,0.0
logreg_A,logreg_B,logloss,0.029440245371160998,0.028714013706520818,0.03013346126068017,0.0,,,0.0,
logreg_A,rf_B,auc,-0.012033645542516923,-0.012296957736459072,-0.011787283869629902,0.0,-91.03210538967883,0.0,0.0,0.0
logreg_A,rf_B,logloss,0.030235485167072043,0.02946825643120808,0.031020610304306005,0.0,,,0.0,
logreg_A,lgbm_B,auc,-0.02542605239959248,-0.025657435804417143,-0.025183341490851156,0.0,-197.74145801275515,0.0,0.0,0.0
logreg_A,lgbm_B,logloss,0.06525261617431186,0.06445367171842369,0.06601259084523038,0.0,,,0.0,
rf_A,lgbm_A,auc,-0.01496128515338568,-0.015116381429884852,-0.014792624514792583,0.0,-171.26047881825892,0.0,0.0,0.0
rf_A,lgbm_A,logloss,0.03804407154203437,0.037682493624397254,0.03840857199499283,0.0,,,0.0,
rf_A,logreg_B,auc,-0.0014761897874718173,-0.0016853562961808206,-0.001255784875088517,0.0,-13.03320029637312,7.921412187371412e-39,0.0,1.5842824374742824e-38
rf_A,logreg_B,logloss,0.005128627398840169,0.004629919565877901,0.00558543271048652,0.0,,,0.0,
rf_A,rf_B,auc,-0.002714113644049429,-0.0027971774904807763,-0.0026277949952304065,0.0,-62.607519562684644,0.0,0.0,0.0
rf_A,rf_B,logloss,0.00592386719475121,0.005709497960547506,0.006107637812111033,0.0,,,0.0,
rf_A,lgbm_B,auc,-0.016106520501124995,-0.016267558881263168,-0.015936043890787392,0.0,-178.0018760894693,0.0,0.0,0.0
rf_A,lgbm_B,logloss,0.04094099820199103,0.04057565185600486,0.041307455602749614,0.0,,,0.0,
lgbm_A,logreg_B,auc,0.013485095365913866,0.01330000136366658,0.013667114099501176,0.0,136.38037962740017,0.0,0.0,0.0
lgbm_A,logreg_B,logloss,-0.032915444143194195,-0.03334980865833613,-0.032462232370112434,0.0,,,0.0,
lgbm_A,rf_B,auc,0.012247171509336255,0.012073277103872616,0.012392301720319177,0.0,145.10495713218017,0.0,0.0,0.0
lgbm_A,rf_B,logloss,-0.032120204347283146,-0.032458868981973116,-0.0317585672796437,0.0,,,0.0,
lgbm_A,lgbm_B,auc,-0.0011452353477393081,-0.0012025729579044047,-0.0010947776998748299,0.0,-42.7769444660242,0.0,0.0,0.0
lgbm_A,lgbm_B,logloss,0.002896926659956665,0.0027702747596715094,0.0030379443501991105,0.0,,,0.0,
logreg_B,rf_B,auc,-0.0012379238565776122,-0.0014447112250354666,-0.0010536680260681303,0.0,-11.999368077548873,3.5801942970549e-33,0.0,3.5801942970549e-33
logreg_B,rf_B,logloss,0.0007952397959110407,0.0003642895444664132,0.0012756617172006498,0.0,,,0.0,
logreg_B,lgbm_B,auc,-0.014630330713653175,-0.014824952429284291,-0.014448247490473923,0.0,-156.92812750567708,0.0,0.0,0.0
logreg_B,lgbm_B,logloss,0.035812370803150854,0.03537632060290885,0.03626495745952596,0.0,,,0.0,
rf_B,lgbm_B,auc,-0.013392406857075562,-0.013534798192974581,-0.013230027497222028,0.0,-163.14689639411102,0.0,0.0,0.0
rf_B,lgbm_B,logloss,0.03501713100723981,0.034671787966898356,0.03533937521561286,0.0,,,0.0,
