run,fam,auc_A,auc_B,d_auc,d_auc_lo,d_auc_hi,p_auc,p_delong,d_ll,d_ll_lo,d_ll_hi,p_ll,d_brier,d_acc
Principal,logreg,0.9217954887601982,0.92884643785345,0.0070492092528271,0.0069000696104865,0.0071966331122187,0.0,0.0,-0.0204664082219556,-0.021052636163259,-0.019896556930701,0.0,-0.005192885247843795,0.008952161584097063
Principal,rf,0.9237006702752916,0.9264479461090136,0.0027459978712813,0.0026635703056241,0.0028276546493257,0.0,0.0,-0.0062029536287654,-0.0063682921091627,-0.0060390594185665,0.0,-0.002176437836733991,0.0035844938883351496
Principal,lgbm,0.9409730397489412,0.9417987510818968,0.0008249397336402,0.0007713635579095,0.0008743538115853,0.0,3.371543045736292e-209,-0.0021423902634563,-0.0022715005593331,-0.0020014322259678,0.0,-0.0007412261505387041,0.0011637810059326181
Level ≥ 8,logreg,0.9143900629410244,0.9241950412733346,0.0098070704525014,0.0096392472763902,0.0099696271385022,0.0,0.0,-0.0238139120648786,-0.024312466300431,-0.0233452865367107,0.0,-0.007194112005169798,
Level ≥ 8,rf,0.9168956310715716,0.9206778328598046,0.0037791458082192,0.0036784544450585,0.0038895174481128,0.0,0.0,-0.0082305211783826,-0.0084351226179767,-0.0080369978205803,0.0,-0.0028911379550835975,
Level ≥ 8,lgbm,0.9370455833987192,0.9378836054943804,0.0008384230523069,0.0007756016795362,0.0008973147939291,0.0,5.494214081541652e-172,-0.0020754261758052,-0.002221303066514,-0.0019219662855447,0.0,-0.0007173780620389897,
Sem unidades,logreg,0.9142033117777808,0.924999286057258,0.0107957216859393,0.0106071931702297,0.0109752903561161,0.0,0.0,-0.0294402453711609,-0.0301334612606801,-0.0287140137065208,0.0,-0.007771016921940502,0.013618173371916287
Sem unidades,rf,0.9235301488444778,0.9262432562476142,0.0027141136440494,0.0026277949952304,0.0027971774904807,0.0,0.0,-0.0059238671947512,-0.006107637812111,-0.0057094979605475,0.0,-0.00218649669998279,0.0034405334520503095
Sem unidades,lgbm,0.9384850881439248,0.9396320668432256,0.0011452353477393,0.0010947776998748,0.0012025729579044,0.0,0.0,-0.0028969266599566,-0.0030379443501991,-0.0027702747596715,0.0,-0.0010025994668241,0.0018642271623099393
