,mean_abs_shap
sum_cost,0.6127584154092809
mean_cost,0.13233365221657245
n_1star,0.2318725501160993
n_2star,0.2857009060341992
n_3star,0.5007477605071089
n_active_traits,0.22358047896767796
n_unique_traits,0.02427820964793494
n_hi_cost,0.15415724102911854
n_hi_cost_2star,0.4374926944646205
n_hi_cost_1star,0.10680094487139244
n_carries,0.27162298167192583
n_artifacts,0.038128420357019334
n_radiants,0.02826797352889282
n_emblems,0.1229182928398951
n_full_items,0.7814105135759767
n_full_items_on_hi_cost,0.12115014796737802
n_traits_gold_plus,0.02736687975584152
n_traits_prismatic,0.017946179100357985
trait_Defender,0.03731346782734135
trait_Juggernaut,0.03104729139114269
trait_Magus,0.02109846238811571
trait_Noxus,0.030009254408242522
trait_Piltover,0.026562388257610033
trait_Slayer,0.010134925686782231
trait_Sorcerer,0.04594864542177741
trait_SylasTrait,0.015635481985882802
trait_Targon,0.13777966468545236
trait_Vanquisher,0.012275436203370668
trait_Zaun,0.027741582947115262
trait_Demacia,0.005924163321802845
trait_Freljord,0.01307099679383185
trait_Rapidfire,0.021421863596931504
trait_Emperor,0.044610674463234065
trait_Invoker,0.014593449301957136
trait_Shurima,0.01125544414141606
trait_Warden,0.0098395906437372
trait_AurelionSolUnique,0.005906583337959488
trait_Explorer,0.020611631999513724
trait_ShyvanaUnique,0.05206828166897718
trait_XerathUnique,0.002111653510159407
trait_Bilgewater,0.054740657599644235
trait_Brawler,0.03416951380396683
trait_KindredUnique,0.017945352517208885
trait_Chronokeeper,0.03579486097702009
trait_DarkinWeapon,0.007771118802862071
trait_Ionia,0.014283778064015701
trait_KaisaUnique,0.015400840913209438
trait_Longshot,0.012709625890221558
trait_Void,0.011691781562367384
trait_Gunslinger,0.013549467663025304
trait_TheBoss,0.0073188098381895186
trait_Blacksmith,0.09046626826533948
trait_Harvester,0.02713237672967449
trait_ShadowIsles,0.002982702843082173
trait_Soulbound,0.016976244280735252
trait_Glutton,0.002515699137341488
trait_Heroic,0.0028839150391622684
trait_Yordle,0.033335553267339835
trait_DarkChild,0.0071165212206021865
trait_HexMech,0.002127641789083488
trait_Caretaker,0.005432277234827223
trait_Huntress,0.0016915685231725759
trait_AatroxUnique,0.0013969838447347844
trait_BaronUnique,0.01887587229830808
trait_ZaahenTrait,0.009125426930256291
trait_RuneMage,0.0072366212729070255
unit_Briar,0.003481590607191093
unit_Vi,0.03252773118656832
unit_Ambessa,0.05490125864338461
unit_Taric,0.04851749319370299
unit_Seraphine,0.036641528013632116
unit_Swain,0.06114274447098133
unit_Sylas,0.023513673020467862
unit_Mel,0.007688123314017652
unit_Ashe,0.004716227326602852
unit_Draven,0.012563767346659762
unit_Sejuani,0.021384894181621518
unit_Garen,0.026925956429594843
unit_Orianna,0.025985277453024033
unit_Loris,0.05592277933979352
unit_Lissandra,0.03263686674471806
unit_Braum,0.030382642359825823
unit_Renekton,0.01939899583445262
unit_Azir,0.021238330792536404
unit_Neeko,0.006187512098688502
unit_Shyvana,0.070030480470527
unit_AurelionSol,0.019265584228823063
unit_Xerath,0.00563393056671059
unit_Illaoi,0.010061430929352784
unit_Nautilus,0.018269372349061536
unit_Skarner,0.024614797081703325
unit_Kindred,0.025769794375868228
unit_Milio,0.009162223913858002
unit_Zilean,0.017099769267102487
unit_KogMaw,0.021184683328869802
unit_RekSai,0.00577070850940512
unit_ChoGath,0.007927761982976532
unit_Wukong,0.021386479325921894
unit_BelVeth,0.014256354605445366
unit_RiftHerald,0.011555164201239648
unit_Kaisa,0.011622369955997152
unit_Shen,0.0076879706023765
unit_Jhin,0.0014771911580971748
unit_Ahri,0.006308031880145696
unit_Yunara,0.029515649903971
unit_Sett,0.012966998927691788
unit_Gwen,0.0023341805021162925
unit_Kalista,0.01438306335749523
unit_Ornn,0.05723161252816231
unit_Fiddlesticks,0.025428677180829844
unit_Lucian,0.030194924420466764
unit_Thresh,0.023594582909806226
unit_TwistedFate,0.0028013815962028674
unit_MissFortune,0.04458497981327843
unit_TahmKench,0.007074002057335033
unit_JarvanIV,0.01002747617116829
unit_XinZhao,0.003829532650475569
unit_Poppy,0.009879215732195187
unit_Vayne,0.0035151767523314216
unit_Lux,0.02872768087099417
unit_Galio,0.007750255194434857
unit_Nasus,0.018512601129301812
unit_Annie,0.018546239498097545
unit_AnnieTibbers,0.02140176074033057
unit_tft16_atakhan,0.06606647365997623
unit_Yasuo,0.0089500145799777
unit_Yone,0.011424842182432775
unit_Sona,0.006480299930749678
unit_THex,0.03487191338306875
unit_Sion,0.00352802956789347
unit_Kobuko,0.014904406008072591
unit_Darius,0.011410389670399671
unit_Leblanc,0.005007667921875165
unit_Caitlyn,0.0068479991835786
unit_Aphelios,0.007856187564550124
unit_Bard,0.0052711897354875544
unit_Nidalee,0.004780130244935337
unit_Blitzcrank,0.006391249747841941
unit_Jinx,0.00467879780034944
unit_DrMundo,0.006216354970329934
unit_Singed,0.04803163345210835
unit_Warwick,0.011881239740343965
unit_Rumble,0.007399417358783548
unit_Teemo,0.005665030050413682
unit_Kennen,0.01577564768072122
unit_Veigar,0.010925819543912557
unit_Fizz,0.04341480946623581
unit_Ziggs,0.04634494144332321
unit_Yorick,0.004495888781131884
unit_Gangplank,0.0032016961814736312
unit_Aatrox,0.0062830723774264675
unit_Volibear,0.040904619212130996
unit_Brock,0.009576903810223084
unit_Malzahar,0.007859396703688362
unit_BaronNashor,0.027173284946500575
unit_Graves,0.002281050823607697
unit_Zaahen,0.014314239679819598
unit_Zoe,0.0035107896315246545
unit_Leona,0.0031795838246940528
unit_Diana,0.005397177850777127
unit_Ryze,0.022394937240538395
unit_Lulu,0.0028243968771252807
unit_Ekko,0.01237984625583243
unit_Viego,0.001314696752013508
unit_Qiyana,0.003721106286447138
unit_Anivia,0.004687934253466541
unit_Tristana,0.0026326509109519097
item_ThiefsGloves,0.4270879321866423
item_UnstableConcoction,0.010937979188551689
item_SpectralGauntlet,0.03538916652896838
item_StatikkShiv,0.019500955310050274
item_RedBuff,0.029540043614484743
item_Redemption,0.018402449553130338
item_TheIndomitable,0.0006620086531769054
item_GuardianAngel,0.01628492644318354
item_TitansResolve,0.012705692348301184
item_JeweledGauntlet,0.05216259293475638
item_AdaptiveHelm,0.029844057916081284
item_SpearOfShojin,0.010814098132784864
item_GuinsoosRageblade,0.029050925900328553
item_RunaansHurricane,0.0035202617589133872
item_HellfireHatchet,0.0009822509240027888
item_Quicksilver,0.016205981586083325
item_WarmogsArmor,0.008897417626547844
item_DragonsClaw,0.01766736953789893
item_FrozenHeart,0.022396357704688924
item_PowerGauntlet,0.024970285185395732
item_RapidFireCannon,0.012973641317267866
item_Leviathan,0.006412178621660173
item_HextechGunblade,0.017609790142882956
item_OrnnHullbreaker,0.0025642123063148283
item_GargoyleStoneplate,0.008153051410266659
item_Morellonomicon,0.01988520788337936
item_Crownguard,0.017775497088477886
item_InfinityEdge,0.021324850943904846
item_RapidFirecannon,0.0006721285798931701
item_TheDarkinAegis,0.002228824166640361
item_SteraksGage,0.007466692906628799
item_Dawncore,0.0008863471131798433
item_ArchangelsStaff,0.01641096004379549
item_RabadonsDeathcap,0.006675809527937553
item_Bloodthirster,0.019680493802745187
item_LichBane,0.0012366525022903254
item_MadredsBloodrazor,0.010796209354985061
item_IoniaEmblemItem,0.003256364161904333
item_LastWhisper,0.021603002881980738
item_OrnnTheCollector,0.0017432841229771626
item_IonicSpark,0.028287972343136934
item_Bilgewater_CaptainsBrew,0.0029559197187618213
item_Bilgewater_LuckyEyepatch,0.004113494695052721
item_BrambleVest,0.025996494635628843
item_Bilgewater_FreebootersFrock,0.00078779656881031
item_Bilgewater_BilgeratCutlass,0.00024879334807943266
item_LongshotEmblemItem,0.002096984623773246
item_RapidfireEmblemItem,0.0016557690352181865
item_NightHarvester,0.025596687643579016
item_EmptyBag,0.12550907333136652
item_Deathblade,0.011035352309891852
item_DemaciaEmblemItem,0.007497841049628856
item_BlueBuff,0.005239709520867778
item_AegisOfDusk,0.0005973385181584949
item_TacticiansRing,0.0250673084096274
item_LudensTempest,0.001534720286977984
item_GunslingerEmblemItem,0.000877506064686749
item_ZaunEmblemItem,0.0037303423568200537
item_OrnnHorizonFocus,0.0006790253116889394
item_SilvermereDawn,0.0009098117383672214
item_VanquisherEmblemItem,0.015612949261176288
item_ForceOfNature,0.09059814767532584
item_SeekersArmguard,0.0012672526821912572
item_LightshieldCrest,0.0007762624550890694
item_Mittens,0.0010947836489512185
item_OrnnDeathsDefiance,0.0003733374215591437
item_BrawlerEmblemItem,0.008425429101156316
item_JuggernautEmblemItem,0.002120767989213769
item_NoxusEmblemItem,0.005354389792197177
item_InvokerEmblemItem,0.0009428372799552928
item_Bilgewater_FirstMatesFlintlock,0.0010660146999822916
item_BilgewaterEmblemItem,0.010447451282799542
item_Bilgewater_PileOCitrus,0.002467393605201203
item_NavoriFlickerblades,0.0024571899930894247
item_OrnnInfinityForce,0.0034311723450319467
item_ProwlersClaw,0.0007309087216729805
item_FreljordEmblemItem,0.004057679913120258
item_Fishbones,0.0004649026114047275
item_CrownOfDemacia,0.001591467597419365
item_VoidEmblemItem,0.003236917217714373
item_EternalPact,0.000726227931390319
item_TheDarkinStaff,0.0013612210093346551
item_TalismanOfAscension,0.00023702797879577176
item_Bilgewater_DeadmansDagger,0.0028360200848827253
item_HorizonFocus,0.0005960046220207092
item_WardenEmblemItem,0.0019344409330984739
item_YordleEmblemItem,0.003898730775721923
item_WitsEnd,0.00035538387125999
item_ShimmerscaleMogulsMail,0.008198443511380858
item_VoidGauntlet,0.00044279346281448506
item_BlightingJewel,0.0003454558589868303
item_OrnnZhonyasParadox,0.002960612979789811
item_PiltoverEmblemItem,0.003472689368815215
item_DefenderEmblemItem,0.001062104222742954
item_TacticiansScepter,0.008723706178958963
item_AegisOfDawn,0.0003090827096698932
item_TheDarkinBow,0.0029684802866217002
item_SlayerEmblemItem,0.0009514729189529172
item_SorcererEmblemItem,0.005630071135202352
item_IxtalEmblemItem,0.007549996184818023
item_MagusEmblemItem,0.002524543601690013
item_TheDarkinScythe,0.0019023351189568528
item_Bilgewater_BlackmarketExplosives,0.0011905158982718057
item_ThiefsGlovesRadiant,0.027965219223976517
pair_Ambessa__ThiefsGloves,0.0008467355372983391
pair_Ambessa__UnstableConcoction,0.00111450159207743
pair_Ambessa__GuardianAngel,0.0011483865223031954
pair_Ambessa__TitansResolve,0.0011732184146942151
pair_Ambessa__Quicksilver,0.0003139528451780325
pair_Ambessa__PowerGauntlet,0.00028354287645471215
pair_Ambessa__InfinityEdge,0.0007681606258830904
pair_Ambessa__SteraksGage,0.001298205164331025
pair_Ambessa__Bloodthirster,0.0008722275930911283
pair_Ambessa__MadredsBloodrazor,0.00020386487981687577
pair_Ambessa__LastWhisper,0.00015271766653347224
pair_Ambessa__Deathblade,0.00042407389610128765
pair_Seraphine__StatikkShiv,0.0007403595850048495
pair_Seraphine__JeweledGauntlet,0.0060591037511813495
pair_Seraphine__AdaptiveHelm,0.0017429790536441178
pair_Seraphine__SpearOfShojin,0.0029642425437560243
pair_Seraphine__GuinsoosRageblade,0.002375274343563792
pair_Seraphine__PowerGauntlet,0.00017928575610415536
pair_Seraphine__RapidFireCannon,0.001963057008479266
pair_Seraphine__Leviathan,0.002849957204888608
pair_Seraphine__HextechGunblade,0.0014870813173083932
pair_Seraphine__Morellonomicon,0.0023761388010634017
pair_Seraphine__ArchangelsStaff,0.0013793142913248167
pair_Seraphine__RabadonsDeathcap,0.0004754659667684242
pair_Seraphine__MadredsBloodrazor,0.0011346209226414986
pair_Seraphine__BlueBuff,0.001598016592530632
pair_Swain__ThiefsGloves,0.005196735775320237
pair_Swain__SpectralGauntlet,0.0006368107939486229
pair_Swain__RedBuff,0.002976022288035984
pair_Swain__Redemption,0.0008862234250513288
pair_Swain__AdaptiveHelm,0.0034543158442260228
pair_Swain__WarmogsArmor,0.0007809256014430429
pair_Swain__DragonsClaw,0.0005637389166825719
pair_Swain__FrozenHeart,0.004940883425374517
pair_Swain__GargoyleStoneplate,0.0025852957947601935
pair_Swain__Morellonomicon,0.00041224160071282615
pair_Swain__Crownguard,0.0018230440689873653
pair_Swain__SteraksGage,0.0003731679845928765
pair_Swain__IonicSpark,0.0006667966401597423
pair_Swain__BrambleVest,0.0006604063880291845
pair_Swain__NightHarvester,0.0009061675905465334
pair_Swain__DemaciaEmblemItem,0.0007097543036640819
pair_Sylas__ThiefsGloves,0.0005722471572392985
pair_Sylas__UnstableConcoction,0.00106314570330206
pair_Sylas__GuardianAngel,0.00041549566528773245
pair_Sylas__TitansResolve,0.0005510136758494392
pair_Sylas__JeweledGauntlet,0.002768239570408505
pair_Sylas__AdaptiveHelm,0.0005607512069213881
pair_Sylas__HextechGunblade,0.00035852837306100564
pair_Sylas__Crownguard,0.00024013133247344982
pair_Sylas__RabadonsDeathcap,0.0003605926755260324
pair_Sylas__Bloodthirster,0.0009397068171824603
pair_Mel__StatikkShiv,0.0021189322579935584
pair_Mel__JeweledGauntlet,0.004128640947398556
pair_Mel__AdaptiveHelm,0.0011979274845812524
pair_Mel__SpearOfShojin,0.000534431315328553
pair_Mel__Leviathan,0.0015010069470455982
pair_Mel__BlueBuff,0.00039134020743556526
pair_Mel__VanquisherEmblemItem,0.00019475227046321654
pair_Sejuani__ThiefsGloves,0.0014620628372826938
pair_Sejuani__RedBuff,0.00044942269919855316
pair_Garen__SpectralGauntlet,0.0004909778137209006
pair_Garen__RedBuff,0.0011485123928556518
pair_Garen__Redemption,0.0006876403580639048
pair_Garen__AdaptiveHelm,0.0002748651026778515
pair_Garen__WarmogsArmor,0.0035400163032356133
pair_Garen__DragonsClaw,0.0038025482137202583
pair_Garen__FrozenHeart,0.00020754209639173104
pair_Garen__GargoyleStoneplate,0.0013184212510830838
pair_Garen__SteraksGage,0.0004258952637862506
pair_Garen__IonicSpark,0.0004675712990290255
pair_Garen__BrambleVest,0.0006033258976043387
pair_Garen__NightHarvester,0.0008844728135650852
pair_Loris__ThiefsGloves,0.0010673129360441326
pair_Loris__SpectralGauntlet,0.001701191640015935
pair_Loris__RedBuff,0.0007736349359817588
pair_Loris__Redemption,0.0013192488604300266
pair_Loris__AdaptiveHelm,0.0012942306613568408
pair_Loris__WarmogsArmor,0.0033659030086108104
pair_Loris__DragonsClaw,0.0006842456229573208
pair_Loris__FrozenHeart,0.0030727322616550755
pair_Loris__GargoyleStoneplate,0.0026238677363761708
pair_Loris__Crownguard,0.001726581588981656
pair_Loris__SteraksGage,0.00029808614938146556
pair_Loris__IonicSpark,0.00016423892622335066
pair_Loris__BrambleVest,0.0014052522912952614
pair_Loris__NightHarvester,0.0010448399243605884
pair_Lissandra__StatikkShiv,0.004683065094754086
pair_Lissandra__JeweledGauntlet,0.005092825436782542
pair_Lissandra__AdaptiveHelm,0.0007111877521718431
pair_Lissandra__SpearOfShojin,0.002294279084430422
pair_Lissandra__PowerGauntlet,0.00030947232570173705
pair_Lissandra__RapidFireCannon,0.0004973449315173441
pair_Lissandra__Leviathan,0.001720564549449281
pair_Lissandra__HextechGunblade,0.0002280090417184234
pair_Lissandra__Morellonomicon,0.0005337305169857221
pair_Lissandra__ArchangelsStaff,0.0015116460930580955
pair_Lissandra__RabadonsDeathcap,0.0005416251653678687
pair_Lissandra__MadredsBloodrazor,0.0012435142334086702
pair_Lissandra__BlueBuff,0.0008416079048940333
pair_Azir__StatikkShiv,0.0006167168786743807
pair_Azir__JeweledGauntlet,0.0022363284438547846
pair_Azir__GuinsoosRageblade,0.0033966385759613173
pair_Azir__HextechGunblade,0.002597051808824289
pair_Azir__MadredsBloodrazor,0.00026207791795692336
pair_Taric__ThiefsGloves,0.005309414901225074
pair_Taric__SpectralGauntlet,0.0005717414067749789
pair_Taric__RedBuff,0.0005913068769401
pair_Taric__Redemption,0.0006907782141564744
pair_Taric__AdaptiveHelm,0.0015295544202653312
pair_Taric__WarmogsArmor,0.0009940260526075224
pair_Taric__DragonsClaw,0.0013979675498881545
pair_Taric__FrozenHeart,0.001297962571523142
pair_Taric__GargoyleStoneplate,0.0029605643254791243
pair_Taric__Crownguard,0.0021849401029007914
pair_Taric__SteraksGage,0.0014573200972021136
pair_Taric__IonicSpark,0.0006404105608933364
pair_Taric__BrambleVest,0.0007917640314521881
pair_Taric__NightHarvester,0.0007626738455216117
pair_AurelionSol__JeweledGauntlet,0.0018222062003288835
pair_AurelionSol__SpearOfShojin,0.0007553948410067338
pair_AurelionSol__Leviathan,0.00405578491769592
pair_Skarner__SpectralGauntlet,0.0018783586978395582
pair_Skarner__RedBuff,0.0019448280757398955
pair_Skarner__Redemption,0.0008549847017608835
pair_Skarner__WarmogsArmor,0.0009487710425784508
pair_Skarner__DragonsClaw,0.0006065487630515961
pair_Skarner__FrozenHeart,0.0006888733625855296
pair_Skarner__GargoyleStoneplate,0.008105955628257291
pair_Skarner__IonicSpark,0.00016943286569479576
pair_Skarner__BrambleVest,0.002012559243796199
pair_Skarner__NightHarvester,0.0003392618768700623
pair_Kindred__ThiefsGloves,0.0013402810106879514
pair_Kindred__GuinsoosRageblade,0.002118096233579335
pair_Kindred__RunaansHurricane,0.0021974161462547004
pair_Kindred__RapidFireCannon,0.0009763137001307687
pair_Kindred__HextechGunblade,0.0006280410509688618
pair_Kindred__InfinityEdge,0.004431117399247623
pair_Kindred__MadredsBloodrazor,0.001642754718757409
pair_Kindred__LastWhisper,0.0011218688827882705
pair_Kindred__Deathblade,0.0019061863841839607
pair_Braum__ThiefsGloves,0.0007775252670876853
pair_Braum__SpectralGauntlet,0.002435549350444728
pair_Braum__RedBuff,0.003098155286577034
pair_Braum__Redemption,0.0018565239724932482
pair_Braum__AdaptiveHelm,0.0004330538894918117
pair_Braum__WarmogsArmor,0.001471400857805635
pair_Braum__DragonsClaw,0.003379411354934755
pair_Braum__FrozenHeart,0.0017576194001730537
pair_Braum__GargoyleStoneplate,0.0014243712099963556
pair_Braum__Crownguard,0.0006956040282977091
pair_Braum__SteraksGage,0.00041339485930688935
pair_Braum__IonicSpark,0.0004466414713406014
pair_Braum__BrambleVest,0.003906343562007378
pair_Braum__NightHarvester,0.0009014861235529299
pair_Zilean__StatikkShiv,0.0007723742568958122
pair_Zilean__JeweledGauntlet,0.0026693771443381253
pair_Zilean__AdaptiveHelm,0.0007794161430545955
pair_Zilean__SpearOfShojin,0.0009755566901568411
pair_Zilean__RapidFireCannon,0.001206797096230332
pair_Zilean__Leviathan,0.0009832715066092027
pair_Zilean__HextechGunblade,0.00023637433180973672
pair_Zilean__Morellonomicon,0.00020788184505393155
pair_Zilean__ArchangelsStaff,0.0009742648754371872
pair_Zilean__BlueBuff,0.00026170834852739795
pair_BelVeth__UnstableConcoction,0.0017020484560940636
pair_BelVeth__TitansResolve,0.002017501894321772
pair_BelVeth__GuinsoosRageblade,0.0015460558377157468
pair_BelVeth__RunaansHurricane,0.0006904192828559953
pair_BelVeth__Quicksilver,0.002131892500147286
pair_BelVeth__HextechGunblade,0.0011058365577466278
pair_BelVeth__InfinityEdge,0.0006010977806010674
pair_BelVeth__Bloodthirster,0.0017354201697247949
pair_BelVeth__MadredsBloodrazor,0.0009271161050092209
pair_BelVeth__VanquisherEmblemItem,0.0002214063809568704
pair_BelVeth__TheDarkinBow,0.0004345097548323477
pair_RiftHerald__SpectralGauntlet,0.00035967984113633014
pair_RiftHerald__RedBuff,0.0014165912784729446
pair_RiftHerald__Redemption,0.002951772047397844
pair_RiftHerald__AdaptiveHelm,0.0003141670959104386
pair_RiftHerald__WarmogsArmor,0.0008370183427019533
pair_RiftHerald__DragonsClaw,0.000878246419505154
pair_RiftHerald__FrozenHeart,0.00047391051293306426
pair_RiftHerald__GargoyleStoneplate,0.002642325951703417
pair_RiftHerald__Crownguard,0.00035266220769244533
pair_RiftHerald__SteraksGage,0.00017126578939952408
pair_RiftHerald__BrambleVest,0.0004338186059393481
pair_RiftHerald__NightHarvester,0.0005102318564918881
pair_Kaisa__StatikkShiv,0.0022257751859478874
pair_Kaisa__JeweledGauntlet,0.0008289544742837123
pair_Kaisa__SpearOfShojin,0.00034567322576721954
pair_Kaisa__GuinsoosRageblade,0.003180562330506761
pair_Kaisa__HextechGunblade,0.0007832815403955655
pair_Kaisa__InfinityEdge,0.00267781280564415
pair_Kaisa__ArchangelsStaff,0.00032368539470949766
pair_Kaisa__MadredsBloodrazor,0.0005292261782727072
pair_Wukong__ThiefsGloves,0.001707137592146156
pair_Wukong__SpectralGauntlet,0.0011713305908041696
pair_Wukong__RedBuff,0.004148143976236449
pair_Wukong__Redemption,0.00289193195869282
pair_Wukong__AdaptiveHelm,0.0007097190725347991
pair_Wukong__WarmogsArmor,0.0017878321222459742
pair_Wukong__DragonsClaw,0.002192361012902723
pair_Wukong__FrozenHeart,0.003144490458835225
pair_Wukong__GargoyleStoneplate,0.0010834024118532813
pair_Wukong__Crownguard,0.00020064032595547388
pair_Wukong__SteraksGage,0.003891015376740706
pair_Wukong__IonicSpark,0.0003025381209315275
pair_Wukong__BrambleVest,0.0009920110956054416
pair_Wukong__NightHarvester,0.0009317357725278305
pair_Yunara__TitansResolve,0.0006662580231857233
pair_Yunara__GuinsoosRageblade,0.009916016938066508
pair_Yunara__RunaansHurricane,0.0005639347358770015
pair_Yunara__PowerGauntlet,0.0005355313760504448
pair_Yunara__InfinityEdge,0.004533522850131666
pair_Yunara__MadredsBloodrazor,0.00013139221430053717
pair_Yunara__LastWhisper,0.0004708767191093435
pair_Yunara__Deathblade,0.001028210801682934
pair_Sett__ThiefsGloves,0.00212713533221301
pair_Sett__UnstableConcoction,0.0011253551014208266
pair_Sett__TitansResolve,0.00035759250860117376
pair_Sett__JeweledGauntlet,0.005721409036262432
pair_Sett__PowerGauntlet,0.0010822855554296915
pair_Sett__HextechGunblade,0.0003314211168151305
pair_Sett__ArchangelsStaff,0.0007154658651849462
pair_Sett__RabadonsDeathcap,0.0021622406430300578
pair_Sett__Bloodthirster,0.0007050066716717259
pair_Sett__MadredsBloodrazor,0.0008891098455329003
pair_Kalista__SpearOfShojin,0.0009062671474148101
pair_Kalista__PowerGauntlet,0.000433245422984226
pair_Kalista__InfinityEdge,0.0019033850965551875
pair_Kalista__MadredsBloodrazor,0.00038975561832699864
pair_Kalista__LastWhisper,0.001560552905041389
pair_Kalista__Deathblade,0.00031825641427229805
pair_Ornn__ThiefsGloves,0.004254288506146012
pair_Ornn__SpectralGauntlet,0.0004824580663100791
pair_Ornn__RedBuff,0.0007012015192605461
pair_Ornn__Redemption,0.0012129973689592511
pair_Ornn__WarmogsArmor,0.0007285816301513718
pair_Ornn__DragonsClaw,0.0014332596555502257
pair_Ornn__FrozenHeart,0.00019781579113801036
pair_Ornn__GargoyleStoneplate,0.0009529116764159719
pair_Ornn__Crownguard,0.0003653218599528281
pair_Ornn__BrambleVest,0.00028379424020542074
pair_Ornn__NightHarvester,0.0008314456798385511
pair_Fiddlesticks__ThiefsGloves,0.0027428343900268376
pair_Fiddlesticks__UnstableConcoction,0.0004969130044860572
pair_Fiddlesticks__StatikkShiv,0.0009706275325938281
pair_Fiddlesticks__GuardianAngel,0.000305836507904668
pair_Fiddlesticks__JeweledGauntlet,0.00045273500627478826
pair_Fiddlesticks__AdaptiveHelm,0.0005919498313528361
pair_Fiddlesticks__PowerGauntlet,0.00013965159986076037
pair_Fiddlesticks__RapidFireCannon,0.0005633598668561135
pair_Fiddlesticks__HextechGunblade,0.00016555000628250721
pair_Fiddlesticks__Morellonomicon,0.0017666572079540165
pair_Fiddlesticks__Crownguard,0.00029175591381208166
pair_Fiddlesticks__RabadonsDeathcap,0.0005477262025171545
pair_Fiddlesticks__Bloodthirster,0.0008880973721154232
pair_Fiddlesticks__MadredsBloodrazor,0.0003893607245832964
pair_Fiddlesticks__IonicSpark,0.00027766823557397256
pair_Lucian__ThiefsGloves,0.0007416713451068163
pair_Lucian__AdaptiveHelm,0.0007927612633674084
pair_Lucian__SpearOfShojin,0.0031123753006323594
pair_Lucian__GuinsoosRageblade,0.002408698870301211
pair_Lucian__RunaansHurricane,0.00032752318688535347
pair_Lucian__PowerGauntlet,0.0014419205760880576
pair_Lucian__RapidFireCannon,0.0037569398924287597
pair_Lucian__HextechGunblade,0.0008377657090862595
pair_Lucian__Morellonomicon,0.001110241329548422
pair_Lucian__InfinityEdge,0.010425360380498364
pair_Lucian__MadredsBloodrazor,0.0010044600760475981
pair_Lucian__LastWhisper,0.0010099119231748548
pair_Lucian__Deathblade,0.0005152169780670699
pair_Lucian__BlueBuff,0.001945918018388798
pair_Thresh__StatikkShiv,0.0002803935004143981
pair_Thresh__TitansResolve,0.0004341300307047463
pair_Thresh__JeweledGauntlet,0.0007786823069741306
pair_Thresh__Morellonomicon,0.0006070746247105819
pair_Thresh__Crownguard,0.0016377562586112433
pair_Thresh__Bloodthirster,0.0014788060125424044
pair_Thresh__IonicSpark,0.00209647180136853
pair_TwistedFate__GuinsoosRageblade,0.0015296030935084645
pair_TwistedFate__Bilgewater_CaptainsBrew,0.003099887349535701
pair_Nautilus__SpectralGauntlet,0.0033855846943343405
pair_Nautilus__RedBuff,0.0005677395431225314
pair_Nautilus__Redemption,0.0005074226486807136
pair_Nautilus__WarmogsArmor,0.0006305321991967506
pair_Nautilus__DragonsClaw,0.0013032364523852035
pair_Nautilus__FrozenHeart,0.0009472302297891125
pair_Nautilus__GargoyleStoneplate,0.0020903388296836557
pair_Nautilus__BrambleVest,0.00047334288252640907
pair_Nautilus__Bilgewater_FreebootersFrock,0.0016190040088790503
pair_Nautilus__NightHarvester,0.0006944972462031995
pair_MissFortune__SpearOfShojin,0.0016227464835607552
pair_MissFortune__GuinsoosRageblade,0.0012613892042390993
pair_MissFortune__PowerGauntlet,0.00032197132108701407
pair_MissFortune__InfinityEdge,0.009596231229350325
pair_MissFortune__MadredsBloodrazor,0.00019025755765820536
pair_MissFortune__LastWhisper,0.0003914830814864481
pair_MissFortune__Bilgewater_CaptainsBrew,0.0025736374672503197
pair_MissFortune__Deathblade,0.0009808187719478447
pair_MissFortune__Bilgewater_FirstMatesFlintlock,0.001135018790265429
pair_MissFortune__Bilgewater_DeadmansDagger,0.001687239926310257
pair_Shyvana__ThiefsGloves,0.005467590503896356
pair_Shyvana__UnstableConcoction,0.0010062192906742265
pair_Shyvana__SpectralGauntlet,0.0002986133215329406
pair_Shyvana__RedBuff,0.000664076764590074
pair_Shyvana__Redemption,0.00039416162794031305
pair_Shyvana__GuardianAngel,0.0004703089132740306
pair_Shyvana__TitansResolve,0.0011268879569729304
pair_Shyvana__AdaptiveHelm,0.00042975334691293
pair_Shyvana__Quicksilver,0.0005356295522984748
pair_Shyvana__WarmogsArmor,0.000878164975685626
pair_Shyvana__FrozenHeart,0.0006340825622007098
pair_Shyvana__PowerGauntlet,0.00031443225994706237
pair_Shyvana__HextechGunblade,0.00028356884179352664
pair_Shyvana__InfinityEdge,0.0004624911056830282
pair_Shyvana__SteraksGage,0.0014694828370213687
pair_Shyvana__Bloodthirster,0.001434200971646027
pair_Shyvana__MadredsBloodrazor,0.0002582503936751239
pair_Shyvana__LastWhisper,0.00023992320268627246
pair_Shyvana__NightHarvester,0.00143367263177217
pair_Shyvana__Deathblade,0.0008736229164979686
pair_TahmKench__Redemption,0.0005664998814327168
pair_TahmKench__WarmogsArmor,0.00018473007817172707
pair_TahmKench__FrozenHeart,0.00042714289187598863
pair_TahmKench__Bloodthirster,0.0013165743856297148
pair_TahmKench__Bilgewater_FreebootersFrock,0.00043773304055771587
pair_TahmKench__Bilgewater_PileOCitrus,0.003003996717086906
pair_Vayne__RunaansHurricane,0.0028625129481230863
pair_Lux__StatikkShiv,0.0005278903911483799
pair_Lux__JeweledGauntlet,0.003531702956563656
pair_Lux__AdaptiveHelm,0.0006522207940734874
pair_Lux__SpearOfShojin,0.0017796091553738665
pair_Lux__PowerGauntlet,0.001241892353982704
pair_Lux__RapidFireCannon,0.00014196847308226436
pair_Lux__Leviathan,0.0031791754577758843
pair_Lux__HextechGunblade,0.0034900818324419525
pair_Lux__Morellonomicon,0.000740979313696506
pair_Lux__ArchangelsStaff,0.0005392652791358232
pair_Lux__RabadonsDeathcap,0.0006426698273683071
pair_Lux__MadredsBloodrazor,0.0004591687211930691
pair_Lux__BlueBuff,0.0010013157120860963
pair_Galio__ThiefsGloves,0.0011863080630685851
pair_Galio__AdaptiveHelm,0.0012249395612491478
pair_Galio__DragonsClaw,0.002663679792045469
pair_Nasus__RedBuff,0.0006636778900392615
pair_Nasus__Redemption,0.0003679364197250483
pair_Nasus__GargoyleStoneplate,0.00038079472367382594
pair_Yasuo__UnstableConcoction,0.0001908248041225871
pair_Yasuo__GuardianAngel,0.0010120006887579288
pair_Yasuo__InfinityEdge,0.0006871913694822022
pair_Yone__TitansResolve,0.0035357244750279077
pair_Yone__GuinsoosRageblade,0.002147223031570019
pair_Yone__Bloodthirster,0.0009388268501733356
pair_THex__AdaptiveHelm,0.0008742451810973668
pair_THex__PowerGauntlet,0.0023101894259821647
pair_THex__InfinityEdge,0.006967579488139783
pair_THex__MadredsBloodrazor,0.0016427195792693271
pair_THex__Deathblade,0.002654579696351444
pair_THex__BlueBuff,0.012465394077703229
pair_Xerath__JeweledGauntlet,0.0013680280049123855
pair_Xerath__SpearOfShojin,0.0010722159355526799
pair_Leblanc__JeweledGauntlet,0.0002947305832497571
pair_Leblanc__SpearOfShojin,0.0006445055965766768
pair_Leblanc__Leviathan,0.00016724908637626246
pair_Aphelios__GuinsoosRageblade,0.0006861311659123841
pair_Aphelios__RunaansHurricane,0.0006848537787928165
pair_Aphelios__InfinityEdge,0.0006627869047204878
pair_Neeko__RedBuff,0.0013957059422685903
pair_Neeko__Redemption,0.0005959748127621361
pair_Neeko__WarmogsArmor,0.0009951132256280843
pair_Neeko__DragonsClaw,0.0002205479583070397
pair_Neeko__GargoyleStoneplate,0.0015689831890741235
pair_Neeko__IonicSpark,0.001253266673209184
pair_Neeko__BrambleVest,8.212363957541135e-05
pair_Neeko__NightHarvester,6.633885860025208e-05
pair_Vi__ThiefsGloves,0.0004876157636580269
pair_Bard__StatikkShiv,0.0002683618672767087
pair_Bard__JeweledGauntlet,0.00015497428752261604
pair_Bard__SpearOfShojin,0.0004319928896472284
pair_Bard__Leviathan,0.00014234142386860199
pair_Bard__ArchangelsStaff,0.00036806867367696235
pair_Nidalee__ThiefsGloves,0.00014369498303001485
pair_Nidalee__UnstableConcoction,0.00041019122574098305
pair_Nidalee__JeweledGauntlet,0.0004037319085680048
pair_Nidalee__Bloodthirster,0.0012251138558505945
pair_Jinx__GuinsoosRageblade,0.0049699640709745495
pair_Jinx__RunaansHurricane,0.002020149794408894
pair_Jinx__InfinityEdge,0.00027122813547436197
pair_Jinx__LastWhisper,0.00036945689943446353
pair_Singed__ThiefsGloves,0.0011750696073276241
pair_Singed__StatikkShiv,0.000671025461092011
pair_Singed__RedBuff,0.0007926494485181653
pair_Singed__Redemption,0.0007346675838392651
pair_Singed__Morellonomicon,0.0022062851198621156
pair_Warwick__UnstableConcoction,0.0019769454532428407
pair_Warwick__GuardianAngel,0.00037341535582853134
pair_Warwick__TitansResolve,0.003776838647073398
pair_Warwick__Quicksilver,0.00013308963051306778
pair_Warwick__SteraksGage,0.001683552627281503
pair_Warwick__Bloodthirster,0.002913158669137409
pair_Kennen__ThiefsGloves,0.0002615561870463319
pair_Kennen__RedBuff,0.00046121279473076006
pair_Kennen__Redemption,0.0022026188493345913
pair_Kennen__WarmogsArmor,0.0009907682561445313
pair_Kennen__DragonsClaw,0.0031780579859464605
pair_Kennen__FrozenHeart,0.0004105971525330773
pair_Kennen__GargoyleStoneplate,0.002463383854377011
pair_Kennen__IonicSpark,0.002721717599633279
pair_Kennen__BrambleVest,0.0003770284828464775
pair_Kennen__NightHarvester,0.0003658783808069862
pair_Veigar__SpearOfShojin,0.0017306277189499653
pair_Veigar__HextechGunblade,0.0006374205611172288
pair_Veigar__RabadonsDeathcap,0.0016489391916314766
pair_Veigar__BlueBuff,0.0003008112101582447
pair_Fizz__ThiefsGloves,0.001637202725927972
pair_Fizz__UnstableConcoction,0.0006597802028551426
pair_Fizz__JeweledGauntlet,0.0016074333627273706
pair_Fizz__GuinsoosRageblade,0.0010426951495352312
pair_Fizz__PowerGauntlet,0.00023925426987299306
pair_Fizz__RabadonsDeathcap,0.0006563498735332975
pair_Fizz__Bloodthirster,0.0005206890473285474
pair_Ziggs__StatikkShiv,0.0035421760848524373
pair_Ziggs__JeweledGauntlet,0.004141567928964373
pair_Ziggs__SpearOfShojin,0.001959312494256708
pair_Ziggs__GuinsoosRageblade,0.007174981722191882
pair_Ziggs__PowerGauntlet,0.0005281749961534834
pair_Ziggs__RapidFireCannon,0.0020232116561014926
pair_Ziggs__Leviathan,0.0006998100013887756
pair_Ziggs__HextechGunblade,0.0012489463083428967
pair_Ziggs__Morellonomicon,0.00020782599035109906
pair_Ziggs__ArchangelsStaff,0.0010097360329554138
pair_Ziggs__RabadonsDeathcap,0.001746148307464873
pair_Ziggs__MadredsBloodrazor,0.0003262602653688139
pair_Volibear__ThiefsGloves,0.0004070529408039948
pair_Volibear__UnstableConcoction,0.0006430201716629916
pair_Volibear__GuardianAngel,0.0011561376063281988
pair_Volibear__TitansResolve,0.004323628025660438
pair_Volibear__Quicksilver,0.0003557193398220628
pair_Volibear__InfinityEdge,0.00024584506603170985
pair_Volibear__SteraksGage,0.0016424244442349626
pair_Volibear__Bloodthirster,0.0008614535330075664
pair_Gangplank__UnstableConcoction,0.0004630174568789864
pair_Aatrox__UnstableConcoction,0.0007705948916697265
pair_Aatrox__TitansResolve,0.0005837844335917142
pair_Aatrox__SteraksGage,0.0002828475187183333
pair_Aatrox__Bloodthirster,0.0008802823315132801
pair_Renekton__SteraksGage,0.0007539308360471484
pair_Renekton__Bloodthirster,0.0014730076827973062
pair_Milio__StatikkShiv,0.00032352631412577626
pair_Milio__JeweledGauntlet,0.00045308837195548625
pair_Milio__SpearOfShojin,0.00044122326611487056
pair_Brock__InfinityEdge,0.0012076948916726134
pair_Brock__SteraksGage,0.0008199570441496583
pair_Brock__Bloodthirster,0.0011446271289520143
pair_Sona__StatikkShiv,0.00029853114976118776
pair_Sona__JeweledGauntlet,0.001232184287907256
pair_Sona__Leviathan,0.00013769152937823171
pair_Sona__HextechGunblade,0.0018907740084103356
pair_Sona__ArchangelsStaff,0.0011899912709225342
pair_Sion__RedBuff,0.0036591703133681468
pair_Sion__Redemption,0.0001724780479699636
pair_Sion__WarmogsArmor,0.00028762288937303265
pair_Sion__GargoyleStoneplate,0.0009458264952571645
pair_Draven__GuinsoosRageblade,0.0040119304285061745
pair_Draven__RunaansHurricane,0.00043529078640003376
pair_Draven__InfinityEdge,0.0011644633719809533
pair_Kobuko__ThiefsGloves,0.0026015264464524157
pair_Kobuko__RedBuff,0.0006860463157088058
pair_Kobuko__Redemption,0.0007120690718711949
pair_Kobuko__WarmogsArmor,0.0006819722460692319
pair_Kobuko__GargoyleStoneplate,0.00028783286357595957
pair_BaronNashor__InfinityEdge,0.0015557488721087767
pair_BaronNashor__SteraksGage,0.0006269646241381285
pair_BaronNashor__Bloodthirster,0.0009819410469412598
pair_Zaahen__UnstableConcoction,0.0005459462336815371
pair_Zaahen__TitansResolve,0.006228637553804639
pair_Zaahen__InfinityEdge,0.0009354746013337577
pair_Zaahen__Bloodthirster,0.00048551036419006193
pair_Diana__TitansResolve,0.00040902738983778674
pair_Diana__GuinsoosRageblade,0.0005720777484412704
pair_Diana__Bloodthirster,0.0015826725639210173
pair_Ryze__StatikkShiv,0.0025998493819635394
pair_Ryze__JeweledGauntlet,0.0020738598664097156
pair_Ryze__AdaptiveHelm,0.0003327937592905217
pair_Ryze__SpearOfShojin,0.0011395046840222138
pair_Ryze__Leviathan,0.0010037489012100903
pair_Ryze__HextechGunblade,0.0012622448655402138
pair_Ryze__Morellonomicon,0.0019470229458354105
pair_Ryze__ArchangelsStaff,0.0005622027384572044
pair_Ryze__BlueBuff,0.0013161703543312256
pair_Malzahar__JeweledGauntlet,0.0008930191860349184
pair_Malzahar__SpearOfShojin,0.00027945463227638977
pair_Malzahar__Leviathan,0.0010920021617861933
pair_Annie__StatikkShiv,0.0016604112898094094
pair_Annie__JeweledGauntlet,0.0006216016189792035
pair_Annie__AdaptiveHelm,0.00047478755564236036
pair_Annie__SpearOfShojin,0.00173628968913539
pair_Annie__Leviathan,0.0005925809250957328
pair_Annie__BlueBuff,0.0005010304891005133
pair_AnnieTibbers__Redemption,0.0002834260574342406
pair_AnnieTibbers__WarmogsArmor,0.0014318825802457447
pair_AnnieTibbers__DragonsClaw,0.0004113912760414805
pair_AnnieTibbers__GargoyleStoneplate,0.0009082280924433525
pair_AnnieTibbers__BrambleVest,0.0008882045652597208
pair_AnnieTibbers__NightHarvester,0.00028004229315180945
pair_Zoe__JeweledGauntlet,0.001149605874135344
pair_Zoe__SpearOfShojin,0.0002364371123478426
pair_Leona__GargoyleStoneplate,0.0016803879752074209
pair_DrMundo__SpectralGauntlet,0.0010823485266398178
pair_DrMundo__RedBuff,0.0004560336169866091
pair_DrMundo__Redemption,0.0004192260375894396
pair_Ahri__JeweledGauntlet,0.0005187009023867824
pair_Ahri__SpearOfShojin,0.00022507916085576574
pair_Ahri__Leviathan,0.00043492896798739527
pair_Poppy__ThiefsGloves,0.0008101827975635199
pair_Ekko__TitansResolve,0.003785471697381619
pair_Ekko__GuinsoosRageblade,0.00037450980690676924
pair_Ekko__Bloodthirster,0.0016418222855790184
pair_Teemo__StatikkShiv,0.0013238451898415055
pair_Viego__GuardianAngel,0.0027572417480936488
pair_Viego__TitansResolve,0.003933986404510523
pair_Viego__Bloodthirster,0.0019823402525071766
archetype_Ionia_TheBoss_Wukong_0,0.0018940798015548881
archetype_Piltover_Defender_Vi_1,0.00558713136609656
archetype_Demacia_Defender_Garen_2,0.003236160701952467
archetype_Piltover_Freljord_Braum_3,0.008030771899442783
archetype_Void_KaisaUnique_Kaisa_4,0.0008590374718905869
archetype_Noxus_Juggernaut_Swain_5,0.016586164941739864
archetype_Brawler_Invoker_Kobuko_6,0.002549825221683624
archetype_Piltover_Warden_Loris_7,0.004651296441471676
archetype_Yordle_Defender_Kennen_8,0.0031720533557718688
archetype_Gunslinger_Brawler_MissFortune_9,0.003667996148487535
archetype_Slayer_Vanquisher_BelVeth_10,0.004228736707512937
archetype_Yordle_Targon_Ziggs_11,0.0069446152042477016
patch_16.1,0.011636779357597724
patch_16.2,0.08709494240117202
patch_16.3,0.01595693242589779
patch_16.4,0.02997535969452529
patch_16.5,0.04647966368382694
