feature,block,mean_abs_shap,mean_shap,rank
board_value,aggregate,0.5841413935165124,-0.00042094618781433635,1
level,level,0.5301710515892414,0.004574027537752436,2
n_full_items,aggregate,0.400733951734745,0.030955149456185962,3
n_items,aggregate,0.39325138751554684,0.02859880301966548,4
item_ThiefsGloves,item,0.3771798945998901,0.0028844940325034804,5
n_hi_cost_2star,aggregate,0.26912246773587617,0.004729225036301581,6
n_3star,aggregate,0.25590204231380337,-0.010939489609023662,7
n_carries,aggregate,0.24181129784535368,0.004916587554863396,8
n_1star,aggregate,0.1884410654799708,0.0009566386603380565,9
n_active_traits,aggregate,0.1733499934882652,-0.02517690247696272,10
item_EmptyBag,item,0.13243795543244166,-0.007225770976398549,11
n_full_items_on_hi_cost,aggregate,0.12665757417286685,0.017903170119321632,12
n_2star,aggregate,0.12185658010398186,-0.004474366540968248,13
n_hi_cost,aggregate,0.09665343095535432,0.008214855996911187,14
n_emblems,aggregate,0.09596433613529051,-0.0023407899714129846,15
patch_16.2,patch,0.09011879152360859,0.002196466564797392,16
trait_Targon,trait,0.08710468844568585,-0.03813780845144537,17
n_units,aggregate,0.08636735511827077,0.008011898704819586,18
trait_Blacksmith,trait,0.0776861845672227,0.002101285915873083,19
n_hi_cost_1star,aggregate,0.0756938358491716,-0.005789250999060118,20
unit_Swain,unit,0.07343985391577577,0.001983367323547831,21
mean_cost,aggregate,0.0693936520128079,0.007963337433254778,22
sum_cost,aggregate,0.05075703540286182,0.011429873978203539,23
item_JeweledGauntlet,item,0.04747411470269063,0.001637973389959395,24
unit_Ornn,unit,0.047080519583776036,0.006840505529594208,25
unit_Ambessa,unit,0.045811585786397185,0.006317504651151834,26
trait_Sorcerer,trait,0.04133408136896184,0.003310536312438388,27
patch_16.5,patch,0.03904053067121686,0.001734508260062735,28
trait_Bilgewater,trait,0.038886686913955394,0.0013356881696101484,29
item_ForceOfNature,item,0.03703916240121347,-0.0009072787253661609,30
unit_Fizz,unit,0.03578782284926987,0.0015112314636491681,31
n_artifacts,aggregate,0.03557651014539932,-0.009882427893145475,32
unit_Nautilus,unit,0.03487811389251719,0.0015654944943397457,33
unit_Singed,unit,0.03424253943218879,0.00207990298956363,34
unit_MissFortune,unit,0.03421775587601192,-0.0019953678418179735,35
unit_tft16_atakhan,unit,0.03238776864734075,-0.0011308144594391841,36
unit_Shyvana,unit,0.031902953395175106,-0.014329359763604183,37
unit_Volibear,unit,0.03188876191684067,0.0001337384926798859,38
unit_Seraphine,unit,0.03174567007057237,0.005449623367115173,39
item_GuinsoosRageblade,item,0.03130703072266862,0.0011181848013308376,40
item_AdaptiveHelm,item,0.0312141671720503,0.0007395398525955362,41
item_SpectralGauntlet,item,0.031179187027314002,0.0021378353516232074,42
item_IonicSpark,item,0.03082092471260904,0.00015253798839351241,43
n_traits_gold_plus,aggregate,0.030571360170286034,-0.0033070536685835565,44
patch_16.4,patch,0.03003559929651314,0.0025579023162983112,45
item_RedBuff,item,0.029405426316980857,0.0017072335755254618,46
trait_Explorer,trait,0.028158251744149158,1.1055696740590126e-05,47
item_PowerGauntlet,item,0.028028560497106843,0.00046970954770452335,48
unit_Taric,unit,0.027944248144115953,0.02553700331983396,49
trait_Juggernaut,trait,0.02751344024179468,-0.0016782290887920042,50
trait_Brawler,trait,0.027113936621285688,0.002074936759485818,51
unit_Lissandra,unit,0.026789297673896574,0.002258813352359252,52
item_BrambleVest,item,0.026733252889961572,-0.0006727570757851745,53
item_NightHarvester,item,0.02648859429053577,-0.00026623303445550897,54
unit_Azir,unit,0.026423781085942663,0.007689481439153393,55
item_StatikkShiv,item,0.02625483659211966,0.0013731029749048228,56
unit_Lucian,unit,0.025926787500983175,-0.006475013765228101,57
unit_Kennen,unit,0.025863342637002493,-0.0030130508636532563,58
trait_Yordle,trait,0.02566697297715821,0.00215357384894834,59
n_radiants,aggregate,0.025603012363336636,0.004843106591045321,60
item_ThiefsGlovesRadiant,item,0.025370160961558755,-0.006209579368462994,61
item_FrozenHeart,item,0.02535666673563496,-0.0002172468902265227,62
unit_Zilean,unit,0.02475668402569057,0.005901700264959994,63
unit_Milio,unit,0.024664755508142244,-0.0006180340315187614,64
unit_Braum,unit,0.02459443734894232,0.004275238804896823,65
unit_Galio,unit,0.02446699413439219,-0.0015441633530280312,66
unit_Loris,unit,0.024447994410677392,0.0011443929226666102,67
unit_THex,unit,0.024214176403202402,-0.001963326051032876,68
trait_Defender,trait,0.02358618608360072,-0.0006682261207697846,69
unit_Wukong,unit,0.023551053715975802,-0.0032587510685941424,70
unit_Fiddlesticks,unit,0.022866480650485382,-0.010929545592248568,71
unit_Neeko,unit,0.02254096878915905,-0.003085181550485797,72
item_HextechGunblade,item,0.021899748611870544,-0.0002704607755297987,73
unit_Sylas,unit,0.021192101556554592,-0.0011629810461686362,74
item_InfinityEdge,item,0.021093522124566923,1.5981111697053345e-06,75
unit_Thresh,unit,0.02083019904154922,0.002638690142618809,76
unit_Skarner,unit,0.02048427557738762,-0.0017250197289291665,77
trait_SylasTrait,trait,0.020196146327205677,-0.0005969446425891158,78
unit_Draven,unit,0.019946819445525187,0.0006631023922491321,79
unit_Ziggs,unit,0.019234689954574672,-0.0006905163829875455,80
item_ArchangelsStaff,item,0.018611880682056374,-0.000459901811159106,81
unit_Yunara,unit,0.018535087457721176,-0.006138435273162523,82
trait_Emperor,trait,0.018476510821872322,-0.010379431919081293,83
unit_AnnieTibbers,unit,0.018362280693122405,-0.00017290161466862597,84
item_Morellonomicon,item,0.01835723202896969,-0.0008483909631155474,85
n_unique_traits,aggregate,0.018241260593005074,0.003959081586594793,86
trait_Piltover,trait,0.01820504168372615,-0.0021447550338515786,87
item_LastWhisper,item,0.01806001476673885,0.0008226583707150323,88
item_Quicksilver,item,0.017973332062962172,-0.00021088896793107565,89
item_GuardianAngel,item,0.01793229355805394,3.992428868156296e-06,90
unit_Garen,unit,0.017925380844657467,0.0019384522303547065,91
unit_Renekton,unit,0.017865155052128556,9.765507756144651e-05,92
unit_KogMaw,unit,0.01775598648402881,0.002746529460337686,93
patch_16.3,patch,0.017501184604813123,0.0002810390561933607,94
item_Bloodthirster,item,0.01749378501938844,-0.0005399610203019228,95
unit_Annie,unit,0.017212814982203905,0.0005020187448811641,96
trait_Rapidfire,trait,0.017152926435368903,0.0016240767337833489,97
item_DragonsClaw,item,0.016986236146387994,-0.00018508143252940297,98
item_Redemption,item,0.01695687837461631,-0.000974716669690504,99
trait_Chronokeeper,trait,0.016898262896745602,-0.006526031231411096,100
unit_Vi,unit,0.016749977304914773,0.0013666267709661814,101
trait_Harvester,trait,0.016668518824640616,0.007872597438752233,102
unit_Lux,unit,0.016494219599433528,0.0003286051739846196,103
item_Crownguard,item,0.016084168548447214,0.0008591420603361234,104
trait_ShyvanaUnique,trait,0.015967242288748375,0.014131931690263954,105
trait_Zaun,trait,0.015918921870279896,0.0010710557879324025,106
unit_Kindred,unit,0.01583740920724138,0.0033628569729134625,107
item_VanquisherEmblemItem,item,0.015794238018584594,-0.0003140748818779363,108
unit_DrMundo,unit,0.015682924664279542,0.0019015607761808401,109
n_components,aggregate,0.015637780543441695,-0.00035902700602265665,110
unit_Ryze,unit,0.015438318010733573,-7.032789497422303e-05,111
trait_Magus,trait,0.01539554111673001,0.00014791167797685993,112
item_TitansResolve,item,0.015279832827012235,8.561130548967193e-05,113
unit_Nasus,unit,0.014662201391437197,0.0015727950298420983,114
trait_Caretaker,trait,0.014445472785628135,0.00022395416385174717,115
item_RapidFireCannon,item,0.01411643581008486,-0.0002201635690175655,116
trait_Invoker,trait,0.013867585568270844,-0.0014066042416595625,117
item_MadredsBloodrazor,item,0.01379042899270992,-0.0003474194924688929,118
trait_Gunslinger,trait,0.013413085242351238,0.0010176738928595953,119
unit_AurelionSol,unit,0.013286942784222305,-0.00018107113550790168,120
unit_Illaoi,unit,0.01312257884241811,-0.0005459436998016579,121
unit_BaronNashor,unit,0.013056641248758135,-9.292115694007858e-05,122
trait_KaisaUnique,trait,0.012612629604776833,-0.0018140108196068074,123
unit_Zaahen,unit,0.012553134548264865,-0.0008173564834379947,124
n_traits_prismatic,aggregate,0.012392367823416192,-0.0019460117238398456,125
unit_Orianna,unit,0.01206292050234961,0.0006787299912249678,126
unit_Ekko,unit,0.011936480796121203,0.0005170929235273296,127
unit_Yone,unit,0.01191584381812972,-0.0025889084787981127,128
trait_DarkChild,trait,0.011912831604318176,0.00048809643041889013,129
unit_Poppy,unit,0.01159368850713462,-0.0003617438813010796,130
item_BilgewaterEmblemItem,item,0.011473736628445102,0.0009573153016951901,131
trait_Slayer,trait,0.011471526331039495,-0.0001334622908561862,132
unit_XinZhao,unit,0.011409933469547863,-0.00017007291671183945,133
unit_RiftHerald,unit,0.011394530915620652,-0.00033494598659917303,134
item_SpearOfShojin,item,0.011368275410207788,-0.0007843571123365471,135
trait_Noxus,trait,0.01103530272699846,0.005495703773396209,136
unit_BelVeth,unit,0.010996195337582016,0.0004358536669511605,137
patch_16.1,patch,0.010871864249924751,-0.0003547304919540526,138
trait_Longshot,trait,0.010769161587338061,-0.0003232914201340278,139
archetype_Noxus_Juggernaut_Swain_5,archetype,0.010465661732343166,0.00032941643665359384,140
trait_ZaahenTrait,trait,0.010463699516776634,-0.000561486186410698,141
trait_KindredUnique,trait,0.010373365862467072,-0.002649899070455711,142
unit_Bard,unit,0.0103326426539359,-0.0014371486149247898,143
unit_JarvanIV,unit,0.010277701395798339,-0.0010146879716340614,144
unit_Warwick,unit,0.01005265372945044,-0.0015981779443031024,145
item_SteraksGage,item,0.009910110805659171,5.3131694605391776e-05,146
archetype_Piltover_Freljord_Braum_3,archetype,0.009902755500324151,-0.0005670997027188024,147
unit_Shen,unit,0.009697621673191329,0.0015087426529736268,148
item_GargoyleStoneplate,item,0.009685377745518335,-0.0001404936381289024,149
item_UnstableConcoction,item,0.009638514048684252,0.0007985907169175853,150
item_Leviathan,item,0.00954534758852745,0.00011820707250142561,151
unit_Kalista,unit,0.009450321672867329,-0.0019366245976630307,152
unit_Sona,unit,0.009437592362911307,-0.0009146813913099835,153
item_IxtalEmblemItem,item,0.009432508076002764,0.0001906723523301739,154
unit_Darius,unit,0.009360666216294894,-0.001001403538180798,155
item_TacticiansRing,item,0.009348434290735492,0.0008409428835561138,156
trait_Shurima,trait,0.009250953253212823,0.004385444887357683,157
trait_DarkinWeapon,trait,0.00915025971242318,-0.001841738700224373,158
unit_Kaisa,unit,0.009137637067134946,-0.0025586949816746142,159
trait_BaronUnique,trait,0.009066023866557037,-0.0009063332881732114,160
trait_Freljord,trait,0.008843212982986723,-0.0004289344111481371,161
item_Deathblade,item,0.008751480557516567,-0.00041493430535760503,162
trait_Void,trait,0.00873930662648809,0.00048146852341442425,163
pair_MissFortune__InfinityEdge,unit_item,0.008271136770880321,0.0015506237465460495,164
unit_Sejuani,unit,0.008118502293655695,-0.0016506385491550735,165
item_ShimmerscaleMogulsMail,item,0.008104275323919444,0.0005356696222538429,166
trait_Ionia,trait,0.00807359681718834,0.00033276419810687654,167
pair_Swain__ThiefsGloves,unit_item,0.008061815205656981,-0.00040892789705298036,168
unit_Ahri,unit,0.008028243168858983,-0.0006871656977154191,169
pair_THex__BlueBuff,unit_item,0.008007191221609465,-0.0005397681908674877,170
trait_Warden,trait,0.007785980424549409,-0.0033093488413354116,171
trait_Soulbound,trait,0.007741638733911412,0.0048575348278989796,172
item_WarmogsArmor,item,0.007711544652478706,0.00018832010848042363,173
unit_Blitzcrank,unit,0.007568244415223999,-0.0011718061441235628,174
pair_Lucian__InfinityEdge,unit_item,0.00748643313456528,0.00011725314306224361,175
archetype_Yordle_Defender_Kennen_8,archetype,0.0074851541394527175,0.0009605326184261004,176
unit_Veigar,unit,0.00744329164117799,-0.0022008655147832948,177
unit_Kobuko,unit,0.007373794980653148,0.0012440889491683604,178
pair_Yunara__GuinsoosRageblade,unit_item,0.007341687829792589,-0.0017530607812714337,179
unit_Yasuo,unit,0.007294237061126328,-0.00082467799379571,180
unit_Teemo,unit,0.0071614743896715695,0.0012024670402042074,181
unit_Brock,unit,0.007066563129968056,-0.0012961821193015204,182
unit_Qiyana,unit,0.007007839207278997,0.00031701458457963184,183
item_BrawlerEmblemItem,item,0.0069449841779278135,8.561628817350234e-07,184
unit_Aatrox,unit,0.006643269741714123,0.0007394034861423752,185
trait_AurelionSolUnique,trait,0.006641447469407541,0.0002924273278233697,186
pair_Shyvana__ThiefsGloves,unit_item,0.006556560568496119,0.00034378943857894903,187
unit_Sett,unit,0.006533750199272981,-0.0012825228142403096,188
pair_Skarner__GargoyleStoneplate,unit_item,0.006318394313604009,-0.0003634153830607061,189
trait_Demacia,trait,0.006297300801476108,-0.004970769095882596,190
item_RabadonsDeathcap,item,0.00608543480111216,-0.0007120345063988329,191
item_BlueBuff,item,0.006006564660076347,-0.00020653625036691495,192
unit_TahmKench,unit,0.0059745029376561285,-1.372031381029833e-05,193
unit_Mel,unit,0.005807139424323084,-0.0008843601988560239,194
pair_Zaahen__TitansResolve,unit_item,0.005704410387611778,-0.00016423176267558765,195
unit_Graves,unit,0.005572095432024343,0.0003622194694086728,196
unit_Diana,unit,0.0055322038767530255,4.100412605142206e-05,197
archetype_Yordle_Targon_Ziggs_11,archetype,0.00552178134032597,-0.0011298710113309466,198
item_NoxusEmblemItem,item,0.005451227147434264,0.0006390042240177514,199
unit_TwistedFate,unit,0.005374130323725864,0.00020887879452538972,200
pair_THex__InfinityEdge,unit_item,0.0053141008218414165,-0.00269640206019184,201
pair_Lissandra__JeweledGauntlet,unit_item,0.005310589889073172,-0.0007132038337879593,202
trait_Heroic,trait,0.005242843935625676,0.0032435978724116438,203
item_DemaciaEmblemItem,item,0.005181998989592233,0.00016424233933096325,204
pair_Jinx__GuinsoosRageblade,unit_item,0.00512044011321086,-0.0008386058406133145,205
unit_Aphelios,unit,0.0050008920960303745,0.00011848308464195758,206
pair_Taric__ThiefsGloves,unit_item,0.004995888708185212,0.0004025710806907529,207
item_SorcererEmblemItem,item,0.004994566998826759,0.00012653953768247063,208
unit_Jinx,unit,0.004938791356970966,-0.000773752204793882,209
unit_Sion,unit,0.004877487090236773,-0.00020692684646191788,210
pair_Warwick__TitansResolve,unit_item,0.004824446187417968,-0.0004897269439688373,211
unit_Xerath,unit,0.0048065037322629406,6.862306328170111e-05,212
trait_Glutton,trait,0.004781875085899711,-0.0002590594878753398,213
trait_RuneMage,trait,0.004769184177106693,0.0003367752484583329,214
archetype_Demacia_Defender_Garen_2,archetype,0.004661225606645608,-0.0012767330886045531,215
item_FreljordEmblemItem,item,0.004601875466701344,-0.00021693558930748716,216
unit_Gangplank,unit,0.00460104399396538,-0.0006257779228956865,217
pair_Fiddlesticks__ThiefsGloves,unit_item,0.004584296445394189,-7.41094556161964e-05,218
pair_AurelionSol__Leviathan,unit_item,0.0044545771187186655,0.00010442357152055985,219
trait_Vanquisher,trait,0.004418760611951852,-0.0010342639350459275,220
unit_Malzahar,unit,0.00438723804035417,-0.0008877115763653382,221
pair_Ekko__TitansResolve,unit_item,0.004352494899692731,-0.00022375815112496452,222
unit_Nidalee,unit,0.004271133359448684,0.00028675492204861624,223
trait_TheBoss,trait,0.004247610425842676,0.00026727714666333215,224
item_RunaansHurricane,item,0.00420502613619603,-0.0001261204852241361,225
unit_Vayne,unit,0.0041962275565970856,0.0007945727192211761,226
pair_Seraphine__JeweledGauntlet,unit_item,0.004192208727790204,-0.0011021777603826255,227
item_VoidEmblemItem,item,0.00417583176950136,0.00013390928621451976,228
unit_Caitlyn,unit,0.004120285438181102,0.00028731401859706,229
unit_RekSai,unit,0.004115193502412306,0.001263401273885628,230
pair_Kindred__InfinityEdge,unit_item,0.0040940406338890465,-0.00029017059827439527,231
item_ZaunEmblemItem,item,0.004075157927224893,-0.0003725059508026839,232
pair_Lissandra__StatikkShiv,unit_item,0.004036242461179063,-0.000395866995904136,233
item_YordleEmblemItem,item,0.003981331328896817,1.836371103732002e-05,234
unit_Leblanc,unit,0.003945661342912466,-0.00038369451206753016,235
pair_Draven__GuinsoosRageblade,unit_item,0.00390919721680297,0.00038847691984819735,236
pair_Ziggs__GuinsoosRageblade,unit_item,0.0038696583013510754,-0.00010790855164083562,237
archetype_Piltover_Warden_Loris_7,archetype,0.003862222445588926,-0.0008784420188852514,238
pair_Mel__JeweledGauntlet,unit_item,0.0038534729023776792,0.00018334040035403336,239
item_IoniaEmblemItem,item,0.003777193447006244,0.00011496809030611055,240
archetype_Piltover_Defender_Vi_1,archetype,0.003773933511594891,-0.0008438668748029044,241
pair_Lucian__RapidFireCannon,unit_item,0.0037683533129305815,1.7094869547397935e-05,242
pair_Wukong__Redemption,unit_item,0.0037346330630383968,-7.429165781662394e-05,243
pair_Swain__AdaptiveHelm,unit_item,0.003690765960384542,-0.0002594463297864136,244
archetype_Gunslinger_Brawler_MissFortune_9,archetype,0.0036810664172749023,0.0014979834947838218,245
pair_Swain__RedBuff,unit_item,0.003652951894697425,-0.00016097784257567517,246
pair_Lux__Leviathan,unit_item,0.0035449486125683706,-0.0004717463906275402,247
unit_Briar,unit,0.0035415950298291377,0.0005637801123576188,248
unit_Anivia,unit,0.0035212277426619728,-0.0005769417695605,249
unit_Leona,unit,0.0034566408449106995,0.00023436275981209156,250
pair_Sion__RedBuff,unit_item,0.00345079907120352,-0.00013395173179505757,251
pair_BelVeth__Quicksilver,unit_item,0.0033817459856733457,6.586563112109178e-05,252
pair_Swain__FrozenHeart,unit_item,0.0033617114982662393,-0.00015784337919416623,253
pair_Ornn__ThiefsGloves,unit_item,0.003358751895563877,0.00040700363143685367,254
unit_Gwen,unit,0.003339638818229234,0.0002461523246464019,255
pair_Sett__JeweledGauntlet,unit_item,0.003293167445837394,0.00031627329411528795,256
pair_Braum__DragonsClaw,unit_item,0.0032590434592959946,-1.6068724584860346e-05,257
pair_Ziggs__StatikkShiv,unit_item,0.0032169033752857913,-0.0002826900209782982,258
pair_Garen__DragonsClaw,unit_item,0.0031643332600906925,0.000210231581145525,259
item_Bilgewater_LuckyEyepatch,item,0.0031444369046967147,0.00043273542914894854,260
trait_HexMech,trait,0.0031222508913765655,-0.002586988577982865,261
item_MagusEmblemItem,item,0.0031189999645605975,0.00024178838295519113,262
archetype_Brawler_Invoker_Kobuko_6,archetype,0.003071591777605713,-0.00012747381031534137,263
pair_RiftHerald__Redemption,unit_item,0.003069239806730938,0.0003420425063941941,264
pair_Yone__GuinsoosRageblade,unit_item,0.0030641244064276885,-0.0007492096963912675,265
pair_Zilean__JeweledGauntlet,unit_item,0.0030472889151679614,5.408955098464998e-05,266
item_Bilgewater_PileOCitrus,item,0.003024120373119549,0.00038457932456090866,267
pair_Braum__BrambleVest,unit_item,0.003017108487376446,-8.596011893612714e-05,268
pair_Lux__JeweledGauntlet,unit_item,0.0029845465693231956,-0.0003900470037675393,269
pair_Warwick__Bloodthirster,unit_item,0.0029239055561729468,6.6106944193159e-05,270
item_WardenEmblemItem,item,0.002891201486254782,0.00022908102344060816,271
item_OrnnInfinityForce,item,0.0028788217693625916,-8.517756790989717e-06,272
unit_ChoGath,unit,0.0028580300004211194,-0.0005582058075598508,273
pair_Ziggs__JeweledGauntlet,unit_item,0.002842237600126385,5.9737583258178104e-05,274
unit_Viego,unit,0.002831824692197312,-0.00020323260855362562,275
pair_Seraphine__Leviathan,unit_item,0.0028230895862992843,1.4997349918436622e-05,276
pair_Volibear__TitansResolve,unit_item,0.002822477491026693,0.000100550707808839,277
item_PiltoverEmblemItem,item,0.0027903142046883512,0.0002722616886990284,278
item_OrnnZhonyasParadox,item,0.0027774284720447156,-0.0003752224862423611,279
unit_Rumble,unit,0.0027335676688836864,0.00027787037402127754,280
archetype_Slayer_Vanquisher_BelVeth_10,archetype,0.002727884280942617,-0.00023832038592889998,281
pair_Swain__GargoyleStoneplate,unit_item,0.0027267594996478175,0.0001586692316535662,282
item_Bilgewater_CaptainsBrew,item,0.002720559973043283,-0.001295169529780151,283
pair_Seraphine__SpearOfShojin,unit_item,0.0026691400012894564,2.3655785218484824e-06,284
pair_Kindred__RunaansHurricane,unit_item,0.0026367344303034465,-0.00010217683660422961,285
pair_Braum__Redemption,unit_item,0.0025672819262643506,-0.0001607509246633656,286
pair_Lux__HextechGunblade,unit_item,0.002562260499562142,7.6288971671885e-05,287
pair_Wukong__DragonsClaw,unit_item,0.0025620524653039638,0.00011042325094989611,288
pair_Nautilus__SpectralGauntlet,unit_item,0.002558294034545158,-0.00031351647329669514,289
trait_ShadowIsles,trait,0.0025494150684620097,-0.0014853199946900735,290
pair_Nautilus__GargoyleStoneplate,unit_item,0.0025473264175937954,-5.579215039049245e-05,291
pair_Jinx__RunaansHurricane,unit_item,0.0024840832714468045,5.483538194972828e-05,292
pair_Wukong__SteraksGage,unit_item,0.002462866169642281,-0.0001537008540544419,293
pair_Braum__RedBuff,unit_item,0.0024570175597330188,-3.512848452065817e-05,294
pair_Kennen__WarmogsArmor,unit_item,0.0024537259951705305,-8.65955738725296e-05,295
pair_Wukong__ThiefsGloves,unit_item,0.0024175370329440993,9.417385715546162e-06,296
unit_Tristana,unit,0.002414635969312362,-0.0001335299122847075,297
pair_Ambessa__Bloodthirster,unit_item,0.0023932237286505387,9.820584766579429e-05,298
pair_Loris__FrozenHeart,unit_item,0.0023895824491595064,0.00011099389595342979,299
pair_Kaisa__InfinityEdge,unit_item,0.002367381528920846,0.00027638647097850917,300
pair_Shyvana__Bloodthirster,unit_item,0.0023645676291060872,-0.00013407466366928663,301
archetype_Ionia_TheBoss_Wukong_0,archetype,0.0023415125765039045,0.0010090908231734912,302
pair_THex__Deathblade,unit_item,0.0023054241392639983,-0.0001562388965026592,303
pair_Kaisa__GuinsoosRageblade,unit_item,0.0022891406096353538,-0.0005144890146007402,304
unit_Zoe,unit,0.002266271687656693,-0.0001640250251707254,305
item_JuggernautEmblemItem,item,0.0022563195514349425,-0.00025679722168771735,306
pair_Sett__ThiefsGloves,unit_item,0.002243903273997845,-0.00015452739580742138,307
pair_Yunara__InfinityEdge,unit_item,0.002242376783452705,-0.0014037333081218127,308
pair_Sona__JeweledGauntlet,unit_item,0.0022416534088716745,-0.00011605461797197327,309
item_TheDarkinBow,item,0.0022232808557253163,-0.00013042940203152826,310
pair_Ekko__Bloodthirster,unit_item,0.0022149185209344585,0.00021063556413585983,311
pair_Kobuko__ThiefsGloves,unit_item,0.0021374590217051776,0.00023321471169435547,312
pair_Loris__WarmogsArmor,unit_item,0.0021285089181058,-0.00034458053942884744,313
pair_Ziggs__RabadonsDeathcap,unit_item,0.0021151010088721707,-1.4966566103889325e-05,314
pair_Azir__GuinsoosRageblade,unit_item,0.0021048728045418735,-0.00017712138613373016,315
item_TheDarkinAegis,item,0.0020825529886612354,-0.00018155031761799868,316
trait_AatroxUnique,trait,0.002078697232090441,-0.00036173738975811,317
pair_Wukong__SpectralGauntlet,unit_item,0.002074115578596409,-0.00038471084744486707,318
pair_Ziggs__HextechGunblade,unit_item,0.0020732250053737944,-5.0507204220690275e-05,319
pair_Lissandra__SpearOfShojin,unit_item,0.002068288232040049,1.177801616345404e-05,320
pair_Galio__AdaptiveHelm,unit_item,0.002050097024001033,0.00020844426314782982,321
pair_Singed__ThiefsGloves,unit_item,0.002010034657699013,-1.442535472349084e-05,322
pair_TahmKench__Bilgewater_PileOCitrus,unit_item,0.00200753873570615,-2.914745849297046e-05,323
pair_Taric__Crownguard,unit_item,0.0020051221924463976,0.00013530759866533422,324
item_NavoriFlickerblades,item,0.002001604786895109,0.00017956436513448336,325
pair_Garen__WarmogsArmor,unit_item,0.002000272364403153,6.686198864209684e-05,326
pair_Galio__DragonsClaw,unit_item,0.001991717469624949,-0.00017280231805328995,327
trait_Huntress,trait,0.0019854071010704847,0.0011665912515868818,328
unit_Ashe,unit,0.001975867746302207,-0.0006798377969140513,329
pair_Loris__GargoyleStoneplate,unit_item,0.001967073760270322,-0.0003138059337287777,330
pair_Zaahen__InfinityEdge,unit_item,0.001959796733689198,-7.439284097100497e-05,331
unit_Yorick,unit,0.001951402096688826,-0.001411391722991997,332
item_TheDarkinScythe,item,0.0019331447550135434,-0.00017410520848041097,333
pair_Wukong__RedBuff,unit_item,0.0019317762602917626,-0.00024078045329793172,334
pair_TwistedFate__Bilgewater_CaptainsBrew,unit_item,0.001903763554146687,-0.0003324563860493916,335
pair_Fizz__ThiefsGloves,unit_item,0.0019001092865716068,0.0001855059626093748,336
pair_Volibear__SteraksGage,unit_item,0.001874911715088433,-0.00019554523145095425,337
trait_XerathUnique,trait,0.0018730001300394437,-9.838871816317724e-05,338
item_SeekersArmguard,item,0.0018724155319155915,-7.585384134452353e-05,339
pair_Kaisa__StatikkShiv,unit_item,0.001871082873396745,-0.00011097281845347377,340
item_Bilgewater_DeadmansDagger,item,0.0018578539249273103,-0.0005065798137914864,341
pair_Wukong__FrozenHeart,unit_item,0.0018565319870826756,4.005131114862649e-05,342
pair_Viego__GuardianAngel,unit_item,0.0018476262680537378,-0.0001817519099596459,343
pair_Shyvana__TitansResolve,unit_item,0.001836926862533407,-0.0004617346244868431,344
pair_Ryze__JeweledGauntlet,unit_item,0.0018168134347540403,1.5533252092292883e-06,345
pair_Kennen__DragonsClaw,unit_item,0.0018160555920829497,-6.510345327275633e-05,346
pair_Seraphine__GuinsoosRageblade,unit_item,0.0017891130725831016,-8.326048629605015e-05,347
pair_MissFortune__Bilgewater_CaptainsBrew,unit_item,0.001788607695150684,0.00034790086108111315,348
item_CrownOfDemacia,item,0.0017779903495607147,0.00012924546695941054,349
pair_Sylas__JeweledGauntlet,unit_item,0.0017658026644451924,-6.360112602481836e-05,350
pair_BelVeth__Bloodthirster,unit_item,0.0017637384977337398,0.00034215836530817787,351
pair_Azir__HextechGunblade,unit_item,0.0017621876391852957,2.9477982198753366e-05,352
pair_Skarner__RedBuff,unit_item,0.0017590906829923383,-0.00014475747620011308,353
pair_Kennen__IonicSpark,unit_item,0.0017475978698956425,-0.00012160516158632472,354
item_OrnnTheCollector,item,0.0017435390683204037,-6.009784756000016e-05,355
pair_THex__PowerGauntlet,unit_item,0.001733217021966826,-0.00023244257611108776,356
archetype_Void_KaisaUnique_Kaisa_4,archetype,0.0017327532976071488,0.001022754239844736,357
item_Bilgewater_BlackmarketExplosives,item,0.001732179248012408,0.00010222320406239697,358
pair_Galio__ThiefsGloves,unit_item,0.0017236995438792786,0.00020779069902143426,359
pair_Vayne__RunaansHurricane,unit_item,0.0017180483503178479,-0.0003709796469781438,360
pair_Seraphine__BlueBuff,unit_item,0.001718008652132848,-8.27227238536058e-05,361
pair_Ambessa__ThiefsGloves,unit_item,0.001693762915921386,2.4291494115232893e-05,362
pair_Taric__AdaptiveHelm,unit_item,0.0016851250468594748,1.3759708343221213e-05,363
pair_Aphelios__RunaansHurricane,unit_item,0.0016801121581014055,-0.00012248975108512708,364
pair_Loris__Crownguard,unit_item,0.0016689245281653164,6.657451429364566e-05,365
pair_BelVeth__TitansResolve,unit_item,0.0016655512880030762,9.869102020103513e-05,366
unit_Lulu,unit,0.001651886180014909,0.0007598707044372718,367
pair_Aphelios__GuinsoosRageblade,unit_item,0.0016441765880692099,8.244769958861511e-05,368
pair_Veigar__SpearOfShojin,unit_item,0.0016425562174610467,-0.00013905564754262606,369
pair_Lux__SpearOfShojin,unit_item,0.0016187556159525862,-0.00010966723042784608,370
pair_Azir__JeweledGauntlet,unit_item,0.0016066572783735892,-0.00015774103021148106,371
pair_Viego__TitansResolve,unit_item,0.0016017947426122422,-0.00015560683335172874,372
pair_Veigar__RabadonsDeathcap,unit_item,0.0015963224632898451,-0.001117903361240728,373
pair_Viego__Bloodthirster,unit_item,0.001594054961944296,-7.52917494463682e-05,374
pair_Lucian__SpearOfShojin,unit_item,0.001569416937132275,8.167606144008147e-06,375
pair_Kindred__ThiefsGloves,unit_item,0.0015645206211262412,-0.0003419911989826817,376
pair_Braum__SpectralGauntlet,unit_item,0.0015570775861477942,1.8112596047596556e-05,377
item_OrnnHullbreaker,item,0.001528814555612563,-0.00017418881603356693,378
pair_Malzahar__Leviathan,unit_item,0.0015265643543228664,-0.0004005731966749092,379
pair_AnnieTibbers__WarmogsArmor,unit_item,0.0015238085485664442,-1.7861531615533137e-05,380
pair_Kalista__LastWhisper,unit_item,0.001522457981075987,0.00012179788060597608,381
pair_Kennen__GargoyleStoneplate,unit_item,0.0014984318876470303,0.00020508221788307067,382
pair_Kindred__GuinsoosRageblade,unit_item,0.0014931430357502742,-0.00039115011195944334,383
pair_Annie__SpearOfShojin,unit_item,0.0014870789566589656,0.0006849695540106386,384
pair_Ambessa__SteraksGage,unit_item,0.001485072209026751,0.0008261046002212152,385
pair_Taric__FrozenHeart,unit_item,0.001449174322581504,-4.291080092536481e-05,386
pair_Lucian__GuinsoosRageblade,unit_item,0.0014422856200140583,-2.1270673001637564e-05,387
pair_Kindred__LastWhisper,unit_item,0.0014379587097405322,-0.0001360973676472497,388
pair_Kalista__InfinityEdge,unit_item,0.0014373639297856709,9.92638443451913e-05,389
pair_Sett__UnstableConcoction,unit_item,0.0014338229106592981,0.00022353273214690414,390
item_RapidfireEmblemItem,item,0.0014190885895723493,-0.0004930108449227321,391
pair_Braum__ThiefsGloves,unit_item,0.001418803352927272,-2.5767114880215864e-05,392
pair_Lucian__PowerGauntlet,unit_item,0.0014139803747178473,4.017764253193628e-05,393
pair_Shyvana__SteraksGage,unit_item,0.0014115327236455721,-4.15929022369781e-05,394
pair_Swain__Crownguard,unit_item,0.0014073400499832849,-1.958022766364067e-05,395
pair_Loris__Redemption,unit_item,0.0013920620967733644,-0.00017717510472780188,396
pair_Fiddlesticks__Morellonomicon,unit_item,0.0013828300177550314,-1.5000720642024069e-05,397
item_SlayerEmblemItem,item,0.0013773213604876026,-0.00011494053974840776,398
pair_Nautilus__Bilgewater_FreebootersFrock,unit_item,0.00137678183689804,-6.243397296012617e-06,399
pair_Loris__SpectralGauntlet,unit_item,0.0013690011470657833,-0.00016290672288060836,400
pair_Yone__TitansResolve,unit_item,0.0013431881277820403,-0.000505358216768428,401
pair_Renekton__Bloodthirster,unit_item,0.0013261302038713597,0.0002793618509541375,402
pair_Seraphine__ArchangelsStaff,unit_item,0.0013240496424883656,-0.00027888432623767443,403
pair_Warwick__UnstableConcoction,unit_item,0.0013132190450864068,0.00029494762115271097,404
pair_BelVeth__UnstableConcoction,unit_item,0.0013096368455722807,0.00029077762927440525,405
pair_Lux__PowerGauntlet,unit_item,0.001300349036688951,0.00013094031640704484,406
pair_Taric__GargoyleStoneplate,unit_item,0.0012895499392019812,0.00010513019413481055,407
pair_Shyvana__WarmogsArmor,unit_item,0.0012767651513195832,0.00022460587609386765,408
item_TheDarkinStaff,item,0.0012681628224972537,-9.721821025267104e-06,409
item_LudensTempest,item,0.00126552309538504,0.0001568285721595662,410
pair_Kennen__Redemption,unit_item,0.0012639712086657574,0.00016143717494084543,411
pair_MissFortune__SpearOfShojin,unit_item,0.0012619520590631903,0.000267000668138632,412
pair_Skarner__SpectralGauntlet,unit_item,0.0012617842146156971,0.00010002902422280935,413
pair_Loris__BrambleVest,unit_item,0.0012493838724449576,-0.00013320152014009818,414
pair_TahmKench__Bloodthirster,unit_item,0.0012403247382558105,0.00021778610658245378,415
pair_Seraphine__RapidFireCannon,unit_item,0.00123978506946443,-7.324736742146429e-05,416
pair_Garen__Redemption,unit_item,0.0012340079795512063,-0.0003703113197318619,417
pair_Leona__GargoyleStoneplate,unit_item,0.0012316905319299269,0.00011772951745635161,418
pair_Skarner__Redemption,unit_item,0.001226521700811522,-0.00010453357959176523,419
pair_Lissandra__Leviathan,unit_item,0.0012229108445262152,-0.0003137032081964583,420
pair_Ambessa__TitansResolve,unit_item,0.001220259230465917,0.00010568159698432078,421
pair_Wukong__WarmogsArmor,unit_item,0.0012137416864105813,2.9303824617296305e-06,422
pair_Swain__IonicSpark,unit_item,0.0012135390165318152,7.709053122201435e-06,423
pair_Swain__WarmogsArmor,unit_item,0.00121163705924767,-5.933728627878543e-05,424
pair_Seraphine__AdaptiveHelm,unit_item,0.0012109070715182447,6.008234696192458e-05,425
pair_Sona__HextechGunblade,unit_item,0.001205092870193018,-0.00024954562247354027,426
pair_Ryze__SpearOfShojin,unit_item,0.0011941013143152938,-0.00040780607529257635,427
pair_Milio__SpearOfShojin,unit_item,0.001184301893629128,-0.0004553195074621187,428
pair_Kindred__MadredsBloodrazor,unit_item,0.0011822731592898465,-8.222355910632798e-05,429
pair_Lissandra__ArchangelsStaff,unit_item,0.0011797049067846705,-0.0001169312942246306,430
pair_Nautilus__DragonsClaw,unit_item,0.0011662031597073385,-4.6013551870957456e-05,431
pair_Sona__ArchangelsStaff,unit_item,0.0011658314374261578,-0.00030385996706532037,432
item_LongshotEmblemItem,item,0.0011629245496380712,0.00032233677680906217,433
pair_Annie__StatikkShiv,unit_item,0.0011611943806568677,9.316881903478968e-05,434
pair_Sylas__ThiefsGloves,unit_item,0.001158729524866124,0.00020035610439570118,435
pair_Mel__AdaptiveHelm,unit_item,0.0011505908613651953,0.00044435106160534154,436
pair_Mel__StatikkShiv,unit_item,0.0011505325405120183,-0.00011594363918099468,437
unit_Jhin,unit,0.0011305661103291952,-0.00039267729799114724,438
pair_Loris__ThiefsGloves,unit_item,0.0011256257176752856,-0.00014548562837201959,439
pair_Milio__JeweledGauntlet,unit_item,0.0011244519250989571,-0.00014780000867876982,440
pair_Lux__BlueBuff,unit_item,0.001116123811085835,9.29330421425002e-05,441
item_InvokerEmblemItem,item,0.001114267219053718,-0.0002172164426383282,442
pair_Ziggs__Leviathan,unit_item,0.0011103362652214932,8.836420197869954e-05,443
pair_Singed__Morellonomicon,unit_item,0.0011030086299099453,-0.0002560039071996146,444
pair_Neeko__IonicSpark,unit_item,0.001092235021854628,-1.362800440215476e-06,445
pair_Braum__GargoyleStoneplate,unit_item,0.001091260937332167,-0.0001755659410089069,446
pair_Braum__FrozenHeart,unit_item,0.0010871202040795877,-0.0001455988421908941,447
pair_Ziggs__RapidFireCannon,unit_item,0.0010865332109638377,-0.00011547042001743837,448
pair_Ryze__Leviathan,unit_item,0.0010787186440582063,-8.329918884862184e-05,449
pair_Loris__DragonsClaw,unit_item,0.0010729447283983303,2.259286982369352e-05,450
pair_Ornn__NightHarvester,unit_item,0.001070378908134601,-5.644189229043605e-05,451
pair_Kalista__SpearOfShojin,unit_item,0.001065951329922274,-0.0006007151699380329,452
pair_TwistedFate__GuinsoosRageblade,unit_item,0.001062913503008252,7.28718729007854e-05,453
pair_THex__MadredsBloodrazor,unit_item,0.0010623262743165508,-9.702819608183994e-05,454
pair_Lissandra__BlueBuff,unit_item,0.0010606796393207555,9.400961091847595e-05,455
pair_Garen__SteraksGage,unit_item,0.001060179183770142,-7.544924201659107e-06,456
item_LichBane,item,0.0010554391378895286,-2.798635982443909e-05,457
pair_Mel__Leviathan,unit_item,0.001055146760209072,8.021081110967951e-05,458
pair_Volibear__GuardianAngel,unit_item,0.0010549888929325653,6.307411652502544e-05,459
pair_MissFortune__Bilgewater_DeadmansDagger,unit_item,0.0010510563250717138,-0.000152955676490313,460
pair_Wukong__GargoyleStoneplate,unit_item,0.001050145447695647,0.00019124293017820307,461
pair_Yone__Bloodthirster,unit_item,0.0010399705077712251,-0.00023399770716158456,462
pair_Xerath__JeweledGauntlet,unit_item,0.0010290543479556124,-5.3660385537658715e-05,463
pair_Diana__Bloodthirster,unit_item,0.0010264694470202029,-0.0001076043756203495,464
pair_Loris__AdaptiveHelm,unit_item,0.001023543847928132,6.153146749120378e-05,465
pair_Draven__InfinityEdge,unit_item,0.0010232246129021946,0.00024244160575067014,466
pair_Malzahar__JeweledGauntlet,unit_item,0.0010207291212364314,-0.00039942331077491626,467
pair_Taric__BrambleVest,unit_item,0.0010187968758534728,-7.97030353192779e-05,468
pair_Xerath__SpearOfShojin,unit_item,0.0010143310211417958,-0.00010928078918231154,469
pair_Seraphine__Morellonomicon,unit_item,0.0010133224641137722,-2.939037150001516e-05,470
pair_Ahri__Leviathan,unit_item,0.0010057370228552492,-0.00018051250352902484,471
pair_Poppy__ThiefsGloves,unit_item,0.0010053928789097069,9.712350869026924e-05,472
pair_BelVeth__GuinsoosRageblade,unit_item,0.001003108374370329,-0.00014696557696943776,473
pair_Swain__Redemption,unit_item,0.0010021304552144,-0.00011179058518774619,474
pair_AurelionSol__JeweledGauntlet,unit_item,0.0009879335235275211,0.00016599492132585205,475
pair_RiftHerald__WarmogsArmor,unit_item,0.000986539922285222,7.630272582118041e-05,476
pair_Seraphine__HextechGunblade,unit_item,0.000983391253966724,-0.0003932077375810839,477
pair_Kindred__Deathblade,unit_item,0.0009678764061551169,-2.1040973339449345e-05,478
pair_Kindred__RapidFireCannon,unit_item,0.0009674429878327978,-1.652506675505176e-05,479
pair_Seraphine__MadredsBloodrazor,unit_item,0.0009661750343632189,-6.153587291345929e-05,480
pair_Sett__RabadonsDeathcap,unit_item,0.0009650300049391154,2.487785745773241e-05,481
pair_Lucian__ThiefsGloves,unit_item,0.0009625833637952473,6.505715029999455e-05,482
pair_Skarner__FrozenHeart,unit_item,0.0009560558232255074,0.0001465386931100611,483
pair_AnnieTibbers__BrambleVest,unit_item,0.0009549338577046532,-0.00034009336755339026,484
item_HellfireHatchet,item,0.0009528006735007298,-8.274003260315794e-05,485
item_Bilgewater_FreebootersFrock,item,0.0009441083710750425,-0.0006002728688964112,486
pair_Braum__WarmogsArmor,unit_item,0.0009430788857751947,7.180485267770109e-05,487
pair_Lucian__MadredsBloodrazor,unit_item,0.0009413594252184139,-0.0001177184328214606,488
pair_Sett__Bloodthirster,unit_item,0.0009391039955411765,6.655000316128066e-05,489
pair_Seraphine__RabadonsDeathcap,unit_item,0.0009340857165590419,-0.00012599862481339668,490
pair_Warwick__SteraksGage,unit_item,0.0009312989467549217,7.876729359287402e-05,491
pair_Azir__StatikkShiv,unit_item,0.0009260794424194022,8.951914164642095e-05,492
pair_Aphelios__InfinityEdge,unit_item,0.0009242657505141081,0.00021897496019834586,493
pair_Ambessa__UnstableConcoction,unit_item,0.0009238041846922868,-0.00021080805730143139,494
pair_Ziggs__MadredsBloodrazor,unit_item,0.0009228948081482659,-5.7150799160946356e-05,495
pair_Ornn__GargoyleStoneplate,unit_item,0.0009199519810187781,-0.0001071937451689059,496
pair_Thresh__Bloodthirster,unit_item,0.0009058722868575755,-0.00015803334792612245,497
pair_Volibear__Bloodthirster,unit_item,0.0008956212235871586,3.878068441924274e-05,498
pair_MissFortune__GuinsoosRageblade,unit_item,0.0008955510345553287,-0.0003444608774496872,499
pair_Sylas__TitansResolve,unit_item,0.0008893071134087477,-9.266725854406056e-05,500
pair_Taric__Redemption,unit_item,0.0008849363485478107,-7.89598030241969e-05,501
pair_Sion__GargoyleStoneplate,unit_item,0.0008811689384661891,-8.349976322700192e-05,502
pair_Thresh__Morellonomicon,unit_item,0.000876589713956157,-7.550750078865715e-05,503
item_LightshieldCrest,item,0.0008753728346101308,-9.297024938859045e-06,504
pair_Lucian__HextechGunblade,unit_item,0.0008702054547260769,7.458460750215865e-06,505
pair_Sylas__Bloodthirster,unit_item,0.000868596925891438,3.8164993277364285e-05,506
pair_Wukong__NightHarvester,unit_item,0.0008682549504768156,-9.984848577579579e-05,507
pair_Zaahen__UnstableConcoction,unit_item,0.0008672997609543291,-0.00013803394607811786,508
item_EternalPact,item,0.0008592531899977222,-1.2988731477100193e-05,509
pair_Taric__NightHarvester,unit_item,0.0008480924082137206,-6.0049217435520605e-05,510
pair_Skarner__WarmogsArmor,unit_item,0.0008477843662061538,-5.104430372733757e-05,511
item_GunslingerEmblemItem,item,0.0008406423467001755,0.0001061050680958325,512
pair_Bard__SpearOfShojin,unit_item,0.0008381850354997295,7.068279462529697e-06,513
pair_Ryze__StatikkShiv,unit_item,0.000832036520634405,0.0001159546310424442,514
item_Dawncore,item,0.0008184440347965217,2.115885710075459e-05,515
pair_Lux__AdaptiveHelm,unit_item,0.0008137358165757936,0.00011184637274242297,516
pair_Loris__RedBuff,unit_item,0.0008121968311824811,-2.8320595787122077e-05,517
pair_Kobuko__WarmogsArmor,unit_item,0.0008111822208580343,5.0135161091829404e-05,518
pair_Taric__SteraksGage,unit_item,0.0008092945655758905,-0.00010852601211293577,519
pair_Lissandra__MadredsBloodrazor,unit_item,0.0007999363943911153,-4.903977484460291e-05,520
pair_BaronNashor__InfinityEdge,unit_item,0.000797403145498886,7.797793522844578e-05,521
item_RapidFirecannon,item,0.0007970050651952816,3.128985473939313e-05,522
pair_Swain__DragonsClaw,unit_item,0.0007969698257118955,3.544185891067756e-05,523
pair_Ryze__HextechGunblade,unit_item,0.0007861289476446766,0.00013061910795506994,524
pair_Ziggs__ArchangelsStaff,unit_item,0.0007854069061490151,-1.1864332109933542e-05,525
item_SilvermereDawn,item,0.000782165743450904,7.3206595649738705e-06,526
pair_Aatrox__TitansResolve,unit_item,0.0007819378482208566,-4.7051476202347216e-05,527
pair_Loris__NightHarvester,unit_item,0.000780341950966418,-9.932794449421096e-05,528
pair_Kindred__HextechGunblade,unit_item,0.0007739398845627168,-8.740577707702571e-05,529
pair_Sylas__AdaptiveHelm,unit_item,0.0007713834098205135,-0.00014270117661252312,530
pair_RiftHerald__GargoyleStoneplate,unit_item,0.0007666232986085074,-7.31166380000867e-05,531
pair_Seraphine__StatikkShiv,unit_item,0.0007621454869718719,-0.00035286664965046083,532
pair_Mel__SpearOfShojin,unit_item,0.0007451815168537844,0.0001269297868909339,533
pair_BelVeth__HextechGunblade,unit_item,0.0007415178237117064,0.00014800026349867418,534
pair_Swain__SpectralGauntlet,unit_item,0.0007414422020414768,-0.0003747291912755498,535
pair_Ekko__GuinsoosRageblade,unit_item,0.0007389877426101444,-6.6359758569915e-05,536
pair_Neeko__WarmogsArmor,unit_item,0.0007339899483762313,0.000168080673797376,537
pair_Thresh__IonicSpark,unit_item,0.0007337945937837193,-0.0002494976019069891,538
pair_Thresh__Crownguard,unit_item,0.0007326150671680702,0.00012604420701991083,539
pair_Nautilus__FrozenHeart,unit_item,0.0007310564809819596,3.2661199855753845e-05,540
pair_Skarner__BrambleVest,unit_item,0.0007297851168650637,2.133513563381013e-05,541
pair_Ziggs__SpearOfShojin,unit_item,0.0007288329697667169,2.8824480535601193e-05,542
pair_Ornn__Redemption,unit_item,0.0007260846679738389,-7.102800086044493e-05,543
pair_Fizz__JeweledGauntlet,unit_item,0.0007241820982220571,0.00014144028253630287,544
pair_Lucian__BlueBuff,unit_item,0.0007236980137380682,-6.10419016373211e-05,545
pair_Thresh__JeweledGauntlet,unit_item,0.0007208342931569364,2.8347550056391706e-05,546
pair_Kaisa__HextechGunblade,unit_item,0.0007189997419809179,-4.0374422021175727e-05,547
pair_Braum__NightHarvester,unit_item,0.0007146263021449927,9.569914295798049e-05,548
item_DefenderEmblemItem,item,0.0007117839517066872,-4.971254624905835e-05,549
pair_Lux__ArchangelsStaff,unit_item,0.0007094250642981303,-2.2037753614072025e-05,550
pair_Garen__GargoyleStoneplate,unit_item,0.0007077824385586235,-0.00014995951868571788,551
pair_Lux__RabadonsDeathcap,unit_item,0.0007066125415073535,9.03560071177496e-05,552
pair_Yasuo__InfinityEdge,unit_item,0.0006947407788257771,-0.000138424350909787,553
pair_Ryze__BlueBuff,unit_item,0.0006946352521155188,-2.200784423604667e-05,554
item_OrnnDeathsDefiance,item,0.0006860062771838971,5.694593373063284e-06,555
pair_Yunara__TitansResolve,unit_item,0.0006854085224121024,0.00039393840746118066,556
pair_Taric__DragonsClaw,unit_item,0.0006789921272554183,6.745990450805669e-05,557
pair_BaronNashor__Bloodthirster,unit_item,0.0006787404346149684,-9.170702013599408e-05,558
pair_MissFortune__Bilgewater_FirstMatesFlintlock,unit_item,0.0006767089360901943,-0.00018024787058460964,559
pair_Ornn__DragonsClaw,unit_item,0.0006706161106081441,5.429601989281422e-05,560
pair_Taric__WarmogsArmor,unit_item,0.000670088671957502,2.946457846384227e-05,561
pair_Yunara__Deathblade,unit_item,0.0006677728610158212,-5.511156497569789e-05,562
pair_Braum__AdaptiveHelm,unit_item,0.0006607649915952482,2.857477193509702e-05,563
pair_BelVeth__RunaansHurricane,unit_item,0.0006544225087447789,0.0001269059640932758,564
pair_Gangplank__UnstableConcoction,unit_item,0.0006497839955472345,-1.2242206212257198e-05,565
pair_Neeko__Redemption,unit_item,0.0006489605946691186,-1.2131767296149845e-05,566
item_AegisOfDusk,item,0.000646766729475548,-7.124618464397635e-05,567
pair_Kaisa__JeweledGauntlet,unit_item,0.000646334639385903,8.767885655834653e-05,568
pair_Neeko__GargoyleStoneplate,unit_item,0.0006427042059254631,-0.000236970022014281,569
pair_Swain__BrambleVest,unit_item,0.0006417437140582537,4.7757924064655554e-05,570
pair_Zilean__AdaptiveHelm,unit_item,0.0006406712831123555,-0.00010892088113021056,571
pair_Swain__SteraksGage,unit_item,0.0006395871662837352,-6.211743383542286e-05,572
pair_Garen__IonicSpark,unit_item,0.0006383193274231663,-0.00010218058134564225,573
pair_Zilean__SpearOfShojin,unit_item,0.0006371341719264697,-2.1927063739872347e-05,574
pair_Annie__BlueBuff,unit_item,0.0006359707411352399,4.221520660065685e-05,575
pair_BelVeth__MadredsBloodrazor,unit_item,0.000630540511445429,0.00012182780474429591,576
pair_Ambessa__InfinityEdge,unit_item,0.0006257500732586817,3.305997583362475e-05,577
pair_Shyvana__NightHarvester,unit_item,0.0006196912551539696,3.6731251991890575e-05,578
pair_Malzahar__SpearOfShojin,unit_item,0.0006146323659154044,-0.00012544587326648475,579
pair_Lucian__Morellonomicon,unit_item,0.0006073245834989188,-2.3809501490529616e-05,580
pair_Skarner__DragonsClaw,unit_item,0.0005998377222562128,-5.735186720802457e-05,581
pair_Annie__JeweledGauntlet,unit_item,0.0005967416706316227,-0.00016052470512269582,582
pair_RiftHerald__BrambleVest,unit_item,0.0005918652990151123,6.102873816836719e-05,583
item_BlightingJewel,item,0.0005899838836753357,-2.4271993292034915e-05,584
pair_Shyvana__PowerGauntlet,unit_item,0.0005898115746765357,-1.801737107303805e-05,585
pair_Sett__PowerGauntlet,unit_item,0.0005861379041532089,-0.00010217205401145721,586
pair_Kaisa__MadredsBloodrazor,unit_item,0.0005806968641641874,-1.1734754854043948e-05,587
item_HorizonFocus,item,0.0005806384943472503,-5.333962460641648e-05,588
pair_Lucian__LastWhisper,unit_item,0.0005769253282920507,1.5449262179448762e-05,589
pair_Nidalee__Bloodthirster,unit_item,0.0005768768937809735,4.450663004559615e-05,590
pair_Diana__GuinsoosRageblade,unit_item,0.0005741929063639639,-8.41406785119298e-05,591
pair_Leblanc__SpearOfShojin,unit_item,0.0005738906583736274,-0.00011748402584389721,592
pair_Sett__ArchangelsStaff,unit_item,0.000573043577324927,3.9607638475695086e-05,593
pair_RiftHerald__RedBuff,unit_item,0.0005677893126800143,9.867248262150367e-05,594
pair_Garen__NightHarvester,unit_item,0.0005602459764199291,0.0001944705308351617,595
pair_Fiddlesticks__RapidFireCannon,unit_item,0.0005594198074587111,4.8346848644632934e-05,596
pair_Brock__InfinityEdge,unit_item,0.0005544613590864324,-3.779899986996405e-05,597
pair_Renekton__SteraksGage,unit_item,0.0005513548558845174,-7.474962564853412e-05,598
pair_DrMundo__RedBuff,unit_item,0.0005485923101526995,2.2571838977019562e-05,599
item_Mittens,item,0.000547110457684216,-3.916489298520865e-05,600
pair_BelVeth__TheDarkinBow,unit_item,0.0005450368187744499,4.8311657225928545e-05,601
pair_Kaisa__SpearOfShojin,unit_item,0.0005445988942417005,-7.626182422902075e-05,602
pair_TahmKench__FrozenHeart,unit_item,0.0005444906764713531,-5.0953703123203485e-05,603
pair_RiftHerald__Crownguard,unit_item,0.0005442893571664208,-5.307367388742673e-05,604
pair_Swain__NightHarvester,unit_item,0.0005436626223373037,1.1685856085031624e-05,605
pair_Azir__MadredsBloodrazor,unit_item,0.0005427348768817696,1.9945142889694512e-05,606
pair_Zilean__StatikkShiv,unit_item,0.0005390837826628757,-0.0002784828611864545,607
pair_Kennen__BrambleVest,unit_item,0.0005380606144824362,2.8025403510198494e-05,608
pair_Braum__Crownguard,unit_item,0.0005345365421659477,-2.1204978645500523e-05,609
pair_Sylas__GuardianAngel,unit_item,0.0005335015904358678,1.2814428364443609e-05,610
pair_Zilean__ArchangelsStaff,unit_item,0.0005301400924883405,9.765607556670237e-06,611
pair_Taric__RedBuff,unit_item,0.0005288506907732954,0.00010551808162224694,612
pair_Shyvana__UnstableConcoction,unit_item,0.0005260974055141063,-3.405461578964564e-05,613
pair_Lucian__Deathblade,unit_item,0.0005253498811147221,-0.0001044245211989001,614
pair_MissFortune__Deathblade,unit_item,0.0005240971050115803,0.00010243657108356223,615
pair_Ryze__Morellonomicon,unit_item,0.0005171842709540558,-6.189883462368394e-05,616
pair_Ambessa__MadredsBloodrazor,unit_item,0.0005169801545963027,-1.6511591075861167e-05,617
pair_Fiddlesticks__StatikkShiv,unit_item,0.000516446594571458,5.4111793535463634e-05,618
pair_Fiddlesticks__MadredsBloodrazor,unit_item,0.0005146946265725566,-9.71763313096706e-05,619
pair_Ahri__SpearOfShojin,unit_item,0.0005146907955259276,7.121490909702471e-05,620
pair_Fizz__RabadonsDeathcap,unit_item,0.0005126986844366897,7.369346246469438e-05,621
pair_RiftHerald__DragonsClaw,unit_item,0.0005102964271433898,-1.077422013477532e-05,622
pair_MissFortune__LastWhisper,unit_item,0.000508784037100505,1.922139851928621e-05,623
item_VoidGauntlet,item,0.000508141161179542,-7.38726282437988e-05,624
pair_Wukong__IonicSpark,unit_item,0.0005039704687744026,-8.482309803975083e-05,625
pair_Ambessa__Quicksilver,unit_item,0.0004980874606978179,-3.339740122238596e-05,626
pair_DrMundo__SpectralGauntlet,unit_item,0.0004931144180222658,4.607732584444843e-05,627
pair_Kennen__RedBuff,unit_item,0.0004928395181689994,0.00016505781316918016,628
pair_Kalista__PowerGauntlet,unit_item,0.000491931494622585,7.4126132928904005e-06,629
pair_Volibear__UnstableConcoction,unit_item,0.0004904930051852127,4.681310723047353e-05,630
pair_BelVeth__InfinityEdge,unit_item,0.0004904542990081107,7.698321941977164e-05,631
pair_Sejuani__ThiefsGloves,unit_item,0.000490069620854925,0.0001699314246570397,632
pair_Volibear__ThiefsGloves,unit_item,0.00048708268563859864,3.828683164264779e-05,633
pair_Brock__Bloodthirster,unit_item,0.0004852854540236181,-5.8606001618236416e-05,634
pair_AnnieTibbers__DragonsClaw,unit_item,0.00048504449283038643,-0.00012810324121486773,635
pair_Wukong__BrambleVest,unit_item,0.00048354014591258645,5.2431599914111396e-05,636
pair_Shyvana__Redemption,unit_item,0.0004799382139679781,9.65849211954012e-05,637
pair_Shyvana__GuardianAngel,unit_item,0.0004766043748194493,4.3891021093443314e-05,638
pair_Nidalee__JeweledGauntlet,unit_item,0.00047527028661789757,1.4578935857796072e-05,639
pair_Ambessa__GuardianAngel,unit_item,0.00047363546905935757,-0.00014499308259747706,640
pair_Garen__BrambleVest,unit_item,0.0004691692750227147,5.224274534385467e-05,641
pair_Diana__TitansResolve,unit_item,0.00046756925490525596,-8.168664853686826e-05,642
pair_Sejuani__RedBuff,unit_item,0.00046210814281387593,2.8110067597367493e-05,643
pair_Kennen__NightHarvester,unit_item,0.000459891081434207,7.848740044639364e-06,644
item_ProwlersClaw,item,0.00045311386337443065,-6.630382365432078e-06,645
pair_RiftHerald__SpectralGauntlet,unit_item,0.0004506520524997115,2.814769263701543e-05,646
pair_TahmKench__WarmogsArmor,unit_item,0.0004499355594201508,-0.0001257417585235106,647
pair_Singed__Redemption,unit_item,0.0004498159442910036,-7.861035605463878e-05,648
pair_Shyvana__Deathblade,unit_item,0.00044632432584447505,-6.844279771034955e-05,649
pair_Taric__IonicSpark,unit_item,0.00044390467425848516,-6.489997600365527e-06,650
pair_Garen__RedBuff,unit_item,0.0004427220625785936,-4.984899136444706e-05,651
pair_Ambessa__PowerGauntlet,unit_item,0.00044105189477847427,-5.929203228877885e-05,652
pair_Bard__ArchangelsStaff,unit_item,0.00044028311906559595,1.8583252287318327e-05,653
pair_Sylas__UnstableConcoction,unit_item,0.0004347290219378499,5.815296071814861e-06,654
pair_Shyvana__AdaptiveHelm,unit_item,0.0004342915513122807,9.429223487687101e-06,655
pair_Sion__WarmogsArmor,unit_item,0.0004273061242335554,0.00020926292369068017,656
pair_Sett__HextechGunblade,unit_item,0.00042567838629806875,-7.488902523959052e-05,657
pair_Lissandra__PowerGauntlet,unit_item,0.0004232862279510247,-7.44868627462622e-05,658
pair_Nautilus__RedBuff,unit_item,0.00042285241167513786,2.5872337666901102e-05,659
pair_Lux__Morellonomicon,unit_item,0.00042273679368393465,-4.097752257619027e-05,660
pair_Aatrox__UnstableConcoction,unit_item,0.00042150992799522464,0.00021289506671602553,661
pair_Fiddlesticks__Crownguard,unit_item,0.0004212258782760162,-1.1482151536059767e-05,662
pair_Annie__AdaptiveHelm,unit_item,0.0004188494196739367,-0.00012993659007582835,663
pair_Lissandra__RapidFireCannon,unit_item,0.00041618362903855257,-0.00015128910511484219,664
pair_Shyvana__InfinityEdge,unit_item,0.0004159412982189657,-9.555954311406877e-05,665
item_TheIndomitable,item,0.00041240951595547754,-3.0404565205139584e-05,666
pair_Ziggs__Morellonomicon,unit_item,0.0004103930535305562,-2.2194504204114408e-05,667
pair_THex__AdaptiveHelm,unit_item,0.00040964543609734225,-0.00013139217608767472,668
pair_Fiddlesticks__AdaptiveHelm,unit_item,0.0004034024716582579,-4.198297607115768e-05,669
pair_Swain__Morellonomicon,unit_item,0.00040014268009444,2.9979406282908845e-05,670
pair_MissFortune__MadredsBloodrazor,unit_item,0.0003998286026022153,1.6910777001183242e-05,671
pair_Fizz__PowerGauntlet,unit_item,0.0003951518321006254,-1.5897393876099973e-05,672
pair_AnnieTibbers__GargoyleStoneplate,unit_item,0.00039288166507522523,-0.00011007998733550779,673
pair_MissFortune__PowerGauntlet,unit_item,0.00039067896870373636,-6.817952644875353e-05,674
pair_Ornn__WarmogsArmor,unit_item,0.00038799727009618143,1.714258199590555e-05,675
pair_Wukong__AdaptiveHelm,unit_item,0.0003851251611575037,-3.871705045733961e-05,676
item_Bilgewater_FirstMatesFlintlock,item,0.0003841097568357449,-0.0002732321102408156,677
pair_Bard__StatikkShiv,unit_item,0.0003839842416883875,-7.376305837765855e-05,678
pair_Ahri__JeweledGauntlet,unit_item,0.0003818938953263426,-8.844494865182826e-05,679
pair_Ornn__SpectralGauntlet,unit_item,0.0003783316030882298,-8.50871346538813e-06,680
pair_Neeko__RedBuff,unit_item,0.0003780421444089529,-8.424916087961075e-05,681
pair_Lissandra__AdaptiveHelm,unit_item,0.0003780272328723772,0.00014025679549922946,682
pair_Leblanc__Leviathan,unit_item,0.000377837862021735,-4.601783828491718e-05,683
pair_Braum__IonicSpark,unit_item,0.0003770711398633546,-6.059725822410834e-05,684
pair_Singed__StatikkShiv,unit_item,0.0003764156895023044,-8.581200318668937e-05,685
pair_Ambessa__Deathblade,unit_item,0.00037220858316596356,6.815425449852781e-05,686
pair_Shyvana__FrozenHeart,unit_item,0.0003715629553275383,0.0001266849430060242,687
pair_Sett__MadredsBloodrazor,unit_item,0.0003710270386284706,-3.471881064833417e-05,688
pair_Kennen__ThiefsGloves,unit_item,0.0003687128688324069,1.3847770437067816e-05,689
pair_Thresh__StatikkShiv,unit_item,0.00036747555655661885,-3.836036922728353e-05,690
pair_Nautilus__BrambleVest,unit_item,0.00036738142079470096,-5.2691962197497725e-05,691
pair_Yunara__LastWhisper,unit_item,0.0003650893727329416,2.7239934508684054e-05,692
item_AegisOfDawn,item,0.0003597860518406645,-4.4900290894428256e-05,693
pair_Yunara__PowerGauntlet,unit_item,0.00035943106443702593,-2.2808384007950757e-06,694
pair_Yasuo__GuardianAngel,unit_item,0.00035930007184326447,-4.582090060439066e-05,695
pair_Aatrox__Bloodthirster,unit_item,0.0003589943573673787,-2.3990193906067122e-05,696
pair_Nidalee__UnstableConcoction,unit_item,0.00035794560661887967,1.8748847503791335e-05,697
pair_Zaahen__Bloodthirster,unit_item,0.0003573506794485417,1.814266463483166e-05,698
pair_AurelionSol__SpearOfShojin,unit_item,0.0003556994714824699,0.00010877748522347328,699
pair_RiftHerald__FrozenHeart,unit_item,0.00035569832931957123,0.00013018040129589138,700
pair_Ornn__RedBuff,unit_item,0.00035438179296519494,-3.6642132876609725e-05,701
pair_Nasus__GargoyleStoneplate,unit_item,0.0003541254198926172,-1.2747430489636238e-05,702
pair_Kaisa__ArchangelsStaff,unit_item,0.00035218511421771924,-9.52037534617253e-05,703
pair_Lissandra__RabadonsDeathcap,unit_item,0.0003470372096101476,-3.9472212144183294e-05,704
pair_Kobuko__RedBuff,unit_item,0.00034350547660630745,-5.829205120272012e-05,705
pair_Nidalee__ThiefsGloves,unit_item,0.0003400396188540669,0.00012122129067461289,706
pair_TahmKench__Redemption,unit_item,0.0003399696430601288,2.9474134675756498e-05,707
pair_Lucian__AdaptiveHelm,unit_item,0.00033995514490158923,4.334143373783364e-05,708
pair_Nasus__Redemption,unit_item,0.0003393534998363926,-1.834020364729289e-05,709
pair_Sylas__Crownguard,unit_item,0.0003388535501338174,0.00012176998683693978,710
pair_Bard__JeweledGauntlet,unit_item,0.0003383224844953291,-0.00013463166121444154,711
pair_RiftHerald__AdaptiveHelm,unit_item,0.0003357411374681066,-2.9748680438202657e-05,712
pair_Lux__StatikkShiv,unit_item,0.00033412657016045527,-4.3906309947443284e-05,713
pair_RiftHerald__NightHarvester,unit_item,0.00033401312875349346,-5.728634314118893e-05,714
pair_Jinx__LastWhisper,unit_item,0.0003313546717593749,-4.524107650940495e-06,715
pair_Sona__Leviathan,unit_item,0.0003301042985583487,-2.0874981151773255e-05,716
pair_Zilean__RapidFireCannon,unit_item,0.0003295150945010441,-5.734531314718793e-05,717
pair_TahmKench__Bilgewater_FreebootersFrock,unit_item,0.00032944996418244883,-2.5083936441056992e-05,718
pair_Annie__Leviathan,unit_item,0.0003284511959503237,-0.00018989556001223714,719
pair_Shyvana__HextechGunblade,unit_item,0.0003270524638690615,1.3032531318202859e-05,720
pair_Lissandra__Morellonomicon,unit_item,0.00032651198525849987,3.630760522873669e-05,721
pair_Teemo__StatikkShiv,unit_item,0.0003233656127850669,6.178533816945383e-05,722
pair_Skarner__IonicSpark,unit_item,0.0003168310381362733,4.498646653810812e-05,723
item_WitsEnd,item,0.0003159407840261657,-2.782731142696904e-05,724
pair_Aatrox__SteraksGage,unit_item,0.00031448114235777176,1.4453537487715016e-05,725
pair_Nautilus__Redemption,unit_item,0.00030414573375026966,-1.8690764465562666e-05,726
pair_Shyvana__RedBuff,unit_item,0.00030283991382652764,-3.7802770378893485e-05,727
pair_Ryze__AdaptiveHelm,unit_item,0.000300543353891306,-9.198720413303815e-05,728
pair_Skarner__NightHarvester,unit_item,0.0002985081394405656,-2.9702570284698525e-05,729
pair_Veigar__HextechGunblade,unit_item,0.0002981766707689683,9.271036619603752e-06,730
pair_Nasus__RedBuff,unit_item,0.0002968562436730041,4.72035017031001e-05,731
pair_AnnieTibbers__Redemption,unit_item,0.00029668340025694337,3.327071934589465e-07,732
pair_Zilean__Leviathan,unit_item,0.0002936418749005134,-0.00011283647178471197,733
pair_Loris__IonicSpark,unit_item,0.0002896991138530439,-3.3574275659296876e-05,734
pair_Fiddlesticks__JeweledGauntlet,unit_item,0.00028491322814557695,-6.932599435942282e-05,735
item_Bilgewater_BilgeratCutlass,item,0.00028307825714459335,-0.00011378502017396586,736
pair_Fiddlesticks__RabadonsDeathcap,unit_item,0.00028158333432418934,-1.9129724244245474e-05,737
pair_Leblanc__JeweledGauntlet,unit_item,0.0002814958239448971,-8.530344000981786e-06,738
pair_Fiddlesticks__UnstableConcoction,unit_item,0.00027905821054227025,-6.855239552752056e-05,739
pair_Nautilus__WarmogsArmor,unit_item,0.0002790303201712995,3.81753757550891e-05,740
pair_Taric__SpectralGauntlet,unit_item,0.0002770968621948203,-2.7762127121356606e-05,741
item_TalismanOfAscension,item,0.0002732847518245488,5.4311205532804184e-05,742
pair_Warwick__Quicksilver,unit_item,0.0002732410898297858,-0.00010519877966060824,743
item_Fishbones,item,0.00027076566846872684,-3.058628221854176e-05,744
pair_Neeko__DragonsClaw,unit_item,0.00026949842763534983,-3.2655594983918374e-05,745
pair_Zilean__HextechGunblade,unit_item,0.0002659738342965654,5.109763200699937e-06,746
pair_Singed__RedBuff,unit_item,0.0002656074385686265,-2.558136947960916e-05,747
pair_Milio__StatikkShiv,unit_item,0.00026531377394303877,0.000168060761434445,748
pair_Lux__MadredsBloodrazor,unit_item,0.0002652314487893343,4.236464199152306e-05,749
pair_Zilean__BlueBuff,unit_item,0.00026241217815902416,-1.485681070158438e-05,750
pair_Yunara__RunaansHurricane,unit_item,0.0002613220367471014,8.497610695965976e-05,751
pair_Volibear__InfinityEdge,unit_item,0.0002597989351424422,-4.856185929085951e-06,752
pair_Kennen__FrozenHeart,unit_item,0.0002571331054079401,2.2508585769707007e-05,753
pair_BaronNashor__SteraksGage,unit_item,0.00025564276917429445,2.4141617486176104e-05,754
pair_Warwick__GuardianAngel,unit_item,0.00025541976594084406,-4.156323583109252e-05,755
pair_Sett__TitansResolve,unit_item,0.00025398945431816256,-3.604681005291047e-05,756
pair_Kobuko__GargoyleStoneplate,unit_item,0.0002519569682468018,-0.00012112642947628192,757
pair_Ornn__Crownguard,unit_item,0.00025127001836665986,3.6906973678496766e-05,758
pair_Vi__ThiefsGloves,unit_item,0.0002507849315790733,1.8060685520476967e-06,759
pair_Wukong__Crownguard,unit_item,0.00025016887642687047,-5.9033494746653106e-05,760
pair_Ryze__ArchangelsStaff,unit_item,0.0002462282156748877,-1.964826685104835e-05,761
pair_Volibear__Quicksilver,unit_item,0.0002453213006724702,7.547973743410036e-05,762
pair_Mel__BlueBuff,unit_item,0.0002446086281791028,5.284738644616014e-05,763
pair_Garen__FrozenHeart,unit_item,0.000244250350906886,-3.111878517284476e-05,764
pair_Garen__SpectralGauntlet,unit_item,0.0002417698208668376,-3.972845238333258e-05,765
pair_Fiddlesticks__Bloodthirster,unit_item,0.0002410808589738168,4.3267786425088466e-05,766
pair_DrMundo__Redemption,unit_item,0.00023307135087595205,-6.088511401435822e-06,767
pair_Fizz__UnstableConcoction,unit_item,0.00022808860187482742,-3.716033411663078e-05,768
pair_Sylas__HextechGunblade,unit_item,0.00022719748355154313,3.3812095195980704e-05,769
pair_Mel__VanquisherEmblemItem,unit_item,0.0002261257362280112,1.4075661876389891e-05,770
pair_Draven__RunaansHurricane,unit_item,0.0002220625459296,5.40350205283613e-05,771
pair_Fiddlesticks__IonicSpark,unit_item,0.0002217278579469427,1.3019604016167971e-06,772
pair_Lissandra__HextechGunblade,unit_item,0.00021914929784588456,-3.5509152488624993e-05,773
pair_Lucian__RunaansHurricane,unit_item,0.0002185197871033178,3.384074817324676e-05,774
item_OrnnHorizonFocus,item,0.00021368820085843052,1.4107432686991578e-05,775
pair_BelVeth__VanquisherEmblemItem,unit_item,0.00021193170132364377,-0.0001189467259528197,776
item_TacticiansScepter,item,0.0002088027557625689,-2.192615848579477e-05,777
pair_Fiddlesticks__PowerGauntlet,unit_item,0.00020352508407891627,7.034574856003299e-05,778
pair_Braum__SteraksGage,unit_item,0.00019982003469273072,1.726974945625277e-05,779
pair_Ambessa__LastWhisper,unit_item,0.0001979702921148567,-1.469763052330312e-06,780
pair_Veigar__BlueBuff,unit_item,0.00019747247551428156,-2.2339677144343086e-06,781
pair_Zoe__SpearOfShojin,unit_item,0.00019266291797068457,2.6770996081051245e-05,782
pair_Brock__SteraksGage,unit_item,0.00019071152086967523,-9.517264654876574e-05,783
pair_Garen__AdaptiveHelm,unit_item,0.00018847291377762967,7.290965211183631e-05,784
pair_Yasuo__UnstableConcoction,unit_item,0.0001873724989579146,2.2056905028906615e-05,785
pair_Kalista__Deathblade,unit_item,0.0001848426364034188,-2.9493012668880885e-05,786
pair_Shyvana__MadredsBloodrazor,unit_item,0.000183779701700231,1.6365256176255813e-05,787
pair_Loris__SteraksGage,unit_item,0.0001832993893416134,2.859924231680437e-05,788
pair_Sion__Redemption,unit_item,0.00018002310014265108,-1.685422777660269e-05,789
pair_Fizz__Bloodthirster,unit_item,0.00017383678580851092,2.0755462812688408e-05,790
pair_Swain__DemaciaEmblemItem,unit_item,0.0001731949893774791,2.4272505809195994e-05,791
pair_Yunara__MadredsBloodrazor,unit_item,0.00016947887587839337,-5.760228742170483e-06,792
pair_Zoe__JeweledGauntlet,unit_item,0.00016776770364384331,4.418747177726769e-06,793
pair_Jinx__InfinityEdge,unit_item,0.00016542723741256262,-2.6556400180140627e-05,794
pair_Ornn__FrozenHeart,unit_item,0.0001629856598500686,3.0145808245336182e-05,795
pair_RiftHerald__SteraksGage,unit_item,0.00016285794964494477,-1.1074960979490922e-05,796
pair_Kobuko__Redemption,unit_item,0.00016117718432122794,-8.176093445886447e-05,797
pair_Fiddlesticks__HextechGunblade,unit_item,0.0001602645530115219,5.2794623606616856e-05,798
pair_Fiddlesticks__GuardianAngel,unit_item,0.00015939716180906436,3.999984907559179e-06,799
pair_Nautilus__NightHarvester,unit_item,0.00015685322387851957,2.5185322261197586e-05,800
pair_Bard__Leviathan,unit_item,0.00015466063338332483,-2.096149362816515e-05,801
pair_Zilean__Morellonomicon,unit_item,0.00015437682004088254,-2.4862551252229712e-05,802
pair_Shyvana__LastWhisper,unit_item,0.00015382027530312105,-3.3091773550122495e-05,803
pair_AnnieTibbers__NightHarvester,unit_item,0.00015274100198743517,-1.009046031909216e-05,804
pair_Neeko__BrambleVest,unit_item,0.00014704734800945974,-3.206998600283086e-05,805
pair_Thresh__TitansResolve,unit_item,0.00014631469026470987,-3.2310701553790464e-05,806
pair_Shyvana__Quicksilver,unit_item,0.00013541317413645179,2.415421811011382e-05,807
pair_Seraphine__PowerGauntlet,unit_item,0.00013434574661629018,6.63566438894546e-06,808
pair_Ziggs__PowerGauntlet,unit_item,0.0001303537213870381,-2.7669278517789377e-05,809
pair_Fizz__GuinsoosRageblade,unit_item,0.00012893290895439128,-3.610420331150698e-05,810
pair_Ornn__BrambleVest,unit_item,0.00012434492036166988,1.5446562354265596e-05,811
pair_Sylas__RabadonsDeathcap,unit_item,0.00011857327799096291,1.766799392658277e-05,812
pair_Shyvana__SpectralGauntlet,unit_item,0.00010381620311425932,-2.6426975601993408e-05,813
pair_Sona__StatikkShiv,unit_item,0.00010329515301840088,-2.054444771648251e-05,814
pair_Lux__RapidFireCannon,unit_item,0.00010283453853833196,-1.957539922087411e-05,815
pair_Kalista__MadredsBloodrazor,unit_item,9.092074098395688e-05,1.541870086367209e-05,816
pair_Neeko__NightHarvester,unit_item,8.307691441709268e-05,-1.5645972194745386e-05,817
