b1,b2,sum,count
aggregate,aggregate,1.185498748652824,136
aggregate,item,0.4363826766787375,85
aggregate,unit,0.32416721633349915,187
aggregate,level,0.3124393138129094,17
aggregate,trait,0.15851231578485694,68
aggregate,patch,0.06914571933643714,34
trait,unit,0.06352794053123417,44
item,unit,0.05429407298553156,55
unit,unit,0.043420127629464095,55
item,item,0.031214913366214545,10
level,unit,0.027578865565349792,11
patch,unit,0.026990849328908058,22
item,level,0.026213471128362326,5
item,trait,0.02028942290499752,20
level,trait,0.010134057085791142,4
level,patch,0.008332511665307426,2
item,patch,0.006438892396982677,10
patch,trait,0.006210561690125458,8
trait,trait,0.004531069542493445,6
patch,patch,0.00033357535351441806,1
level,level,0.0,0
