,,mean_abs_interaction
n_full_items,item_ThiefsGloves,0.1735288192759631
unit_Azir,trait_Emperor,0.1554223258580127
trait_Targon,unit_Taric,0.13198491484742192
unit_Shyvana,trait_ShyvanaUnique,0.1263020413666357
unit_Ornn,trait_Blacksmith,0.0916991814584374
item_ThiefsGloves,n_carries,0.06335244049752536
n_full_items,n_active_traits,0.05881971931345409
n_full_items,n_artifacts,0.05075215876601582
n_full_items,n_carries,0.044999258402223595
sum_cost,mean_cost,0.04416217451838832
n_2star,sum_cost,0.03799165442422575
item_ThiefsGloves,item_EmptyBag,0.03787153489220651
n_full_items,n_emblems,0.035563687782787304
n_full_items,level,0.03305406007151275
level,n_active_traits,0.029678020463478606
n_active_traits,n_hi_cost,0.028709301104024885
n_full_items,n_traits_gold_plus,0.0267360906280743
n_active_traits,unit_Taric,0.026568600316737377
n_full_items,n_hi_cost_2star,0.026313174527076738
sum_cost,n_hi_cost_1star,0.02546122358407736
n_active_traits,trait_Targon,0.02442442339356733
n_3star,n_full_items_on_hi_cost,0.022284851871706587
n_3star,n_hi_cost_2star,0.022178288008064886
n_full_items,n_1star,0.020847235967080505
n_hi_cost_2star,n_carries,0.02024598636817208
n_hi_cost_2star,n_full_items_on_hi_cost,0.019895109892555295
level,n_3star,0.01925187116664234
item_ThiefsGloves,n_full_items_on_hi_cost,0.019123186094756356
level,item_ThiefsGloves,0.01909439820297177
unit_Taric,n_traits_gold_plus,0.018934041561922136
n_full_items,n_3star,0.018881424341825895
level,n_hi_cost_2star,0.018735246593515456
sum_cost,n_hi_cost,0.01868624467521932
n_active_traits,n_traits_gold_plus,0.018029368172350187
n_1star,sum_cost,0.018022505219445085
n_2star,n_hi_cost_1star,0.017811447060656224
n_full_items,item_EmptyBag,0.017711106857271085
n_3star,sum_cost,0.016948986542488158
level,n_1star,0.01682110109454021
n_active_traits,mean_cost,0.016777982809513828
n_full_items,n_2star,0.01639307546816288
n_full_items,n_hi_cost_1star,0.016315677611273928
n_full_items,n_hi_cost,0.015522325580907503
n_3star,n_2star,0.015270410806282613
n_hi_cost_2star,n_1star,0.014998222400536124
level,n_hi_cost_1star,0.014984116909276859
level,n_carries,0.014570719336161162
n_full_items,n_full_items_on_hi_cost,0.014403961423604797
n_carries,n_full_items_on_hi_cost,0.013394658365124658
level,n_2star,0.013105063784900228
n_carries,n_2star,0.012821414024786653
n_active_traits,sum_cost,0.012298667365122773
level,n_full_items_on_hi_cost,0.012011972228926355
trait_Blacksmith,n_artifacts,0.011852499717755727
level,item_EmptyBag,0.011572523482631263
n_full_items,unit_Loris,0.011191834464232917
level,patch_16.2,0.011152181556690203
n_hi_cost_2star,n_active_traits,0.011099058499022391
level,sum_cost,0.01104096004344812
n_active_traits,n_full_items_on_hi_cost,0.011025763340688017
n_full_items,sum_cost,0.010245361888718529
n_3star,n_1star,0.010095858647365705
item_ThiefsGloves,n_hi_cost_2star,0.009923080888512917
n_active_traits,n_hi_cost_1star,0.009850118657609536
n_3star,patch_16.2,0.009698113117298353
n_carries,n_hi_cost_1star,0.009645497517986311
n_carries,unit_Taric,0.009478611454261675
n_1star,n_active_traits,0.00935121679401549
n_carries,n_active_traits,0.009347779511677172
n_full_items,item_JeweledGauntlet,0.009280519164864977
n_1star,n_2star,0.009245510297241568
n_hi_cost_2star,n_2star,0.009239675537607392
n_1star,n_full_items_on_hi_cost,0.008669570792893443
n_full_items,trait_Blacksmith,0.008646978233828824
n_2star,n_active_traits,0.008479947706108987
n_full_items,unit_Taric,0.008352087486247179
unit_Ornn,n_artifacts,0.008201648288736915
n_3star,n_hi_cost,0.008137742272935304
n_carries,trait_Targon,0.00813346681689347
n_3star,unit_Fizz,0.00811451399975681
n_full_items_on_hi_cost,unit_Shyvana,0.007918258016402314
level,mean_cost,0.007909048770762086
item_ThiefsGloves,n_1star,0.007882180469972303
mean_cost,trait_Sorcerer,0.007854173387162764
n_1star,n_hi_cost,0.007809140857923444
mean_cost,n_hi_cost,0.007805761574851097
item_ThiefsGloves,n_hi_cost_1star,0.007804126062416594
n_full_items_on_hi_cost,trait_ShyvanaUnique,0.007757091986485665
n_3star,mean_cost,0.007680558220767164
n_full_items,trait_Targon,0.007460086464088646
n_hi_cost_2star,patch_16.2,0.007214650865589998
n_3star,n_active_traits,0.0072071983802944805
n_active_traits,unit_Swain,0.007170454856265417
level,n_hi_cost,0.007119813519782038
unit_Swain,unit_Shyvana,0.007078645507703686
n_2star,mean_cost,0.00698063653415523
item_ThiefsGloves,trait_Targon,0.0069061435114327755
n_carries,item_EmptyBag,0.006828288510582274
n_full_items,trait_Bilgewater,0.006599684198802256
n_hi_cost_1star,mean_cost,0.006575341202416585
n_2star,unit_Taric,0.00652547924093278
n_carries,n_emblems,0.00648020745106485
item_ThiefsGloves,unit_Swain,0.00643851622713526
n_1star,mean_cost,0.006316674252004795
level,unit_Fizz,0.006286200117745459
n_carries,mean_cost,0.006183236705545249
item_ThiefsGloves,n_active_traits,0.006177633852738313
n_1star,n_hi_cost_1star,0.006176413384584269
level,unit_Swain,0.005955998688273039
n_1star,trait_Targon,0.005955764709875888
n_2star,n_full_items_on_hi_cost,0.00592445080874669
item_ThiefsGloves,unit_Taric,0.005886314117702165
n_1star,unit_Taric,0.005829755677908867
n_full_items_on_hi_cost,unit_Azir,0.005811757754013792
level,unit_Ornn,0.005681992181694256
level,n_traits_gold_plus,0.005657314864793962
n_hi_cost_2star,trait_Blacksmith,0.005619582207683566
n_active_traits,n_emblems,0.005510206144681615
n_hi_cost_2star,item_EmptyBag,0.005434467857899767
sum_cost,n_full_items_on_hi_cost,0.005428154989656543
n_hi_cost_2star,unit_Loris,0.005337243051929417
n_1star,unit_Swain,0.0053190890344584005
n_3star,item_ThiefsGloves,0.005186100759054036
n_full_items_on_hi_cost,n_hi_cost,0.005175572636401263
n_hi_cost_2star,mean_cost,0.005129424778576331
n_full_items,mean_cost,0.005121873321388102
n_full_items_on_hi_cost,trait_Emperor,0.0050852215960071724
unit_Swain,unit_Ambessa,0.005059314290288708
n_3star,unit_Swain,0.00499209519580681
n_active_traits,trait_Blacksmith,0.004955625073544126
n_carries,n_traits_gold_plus,0.0049477488268694836
item_ThiefsGloves,n_emblems,0.004934180665582029
n_hi_cost_2star,unit_Taric,0.004925256835247506
n_full_items_on_hi_cost,unit_Taric,0.00490862644026448
patch_16.2,unit_Azir,0.004895114053874872
trait_Targon,n_full_items_on_hi_cost,0.00484374492151649
n_full_items_on_hi_cost,unit_Loris,0.004792359312192533
n_hi_cost_1star,trait_Targon,0.0047720787892273405
item_ThiefsGloves,n_traits_gold_plus,0.004769835608825186
item_ThiefsGloves,unit_Ornn,0.004711258578675105
n_1star,n_carries,0.004683945770497786
n_3star,item_EmptyBag,0.004646552958377521
n_carries,trait_Blacksmith,0.004561872094136456
n_full_items,unit_Shyvana,0.004551302417362946
n_2star,trait_Targon,0.0045012547753558564
mean_cost,n_full_items_on_hi_cost,0.004490842381028851
n_full_items,unit_Swain,0.00442431799886217
level,unit_Loris,0.004415725394564968
n_2star,item_EmptyBag,0.004413627703251551
n_2star,n_hi_cost,0.004412006477332112
item_ThiefsGloves,mean_cost,0.004409562184319523
sum_cost,unit_Shyvana,0.004358852215953135
level,trait_Targon,0.004353506132784834
n_carries,sum_cost,0.004347869173612381
n_3star,n_carries,0.004338275901872879
n_2star,trait_Emperor,0.004330246526430326
item_ThiefsGloves,sum_cost,0.004325442080457109
trait_Targon,trait_Sorcerer,0.004315083491376297
level,n_emblems,0.004304827227951984
level,trait_Blacksmith,0.004295043482996868
unit_Swain,unit_Loris,0.004289995374826034
n_full_items_on_hi_cost,n_emblems,0.004250092359885832
n_full_items,unit_MissFortune,0.004220822697155202
item_ThiefsGloves,unit_Ambessa,0.003998686676956201
n_carries,n_hi_cost,0.0039913326424008974
n_1star,unit_Fizz,0.003987985233419494
n_2star,unit_Azir,0.003974971085087775
n_full_items,unit_Ornn,0.003905113590142774
n_full_items,patch_16.5,0.0037879444281287305
n_2star,unit_Shyvana,0.0037755925829472342
n_full_items,unit_Azir,0.0037617073932298406
n_hi_cost_1star,n_full_items_on_hi_cost,0.003759509883902704
n_active_traits,unit_Ornn,0.003756722352388943
patch_16.2,unit_Swain,0.0037421028937820035
level,unit_Ambessa,0.003710986428925065
n_full_items,unit_Fizz,0.003642202759290611
n_hi_cost_2star,n_hi_cost_1star,0.00348479957884541
item_JeweledGauntlet,unit_Taric,0.0034390250037354183
n_3star,trait_Targon,0.0034023902760196094
item_ThiefsGloves,n_2star,0.0033948569370375313
patch_16.2,unit_Taric,0.0033788507367153615
n_active_traits,patch_16.2,0.00336939136503451
n_full_items,trait_ShyvanaUnique,0.0033511382721788095
n_carries,unit_Ornn,0.003335268284874723
trait_Targon,item_JeweledGauntlet,0.003271238177796128
n_hi_cost_2star,sum_cost,0.00325725436102436
n_active_traits,trait_Sorcerer,0.0032568625127329213
n_full_items_on_hi_cost,n_traits_gold_plus,0.0032384664004475555
n_3star,n_emblems,0.003227139640871913
sum_cost,unit_Swain,0.0032258553486181913
n_hi_cost_2star,item_JeweledGauntlet,0.0032222296577719333
n_active_traits,unit_Azir,0.0031861366177705765
n_hi_cost,unit_Taric,0.0031803503743161247
n_hi_cost_2star,n_emblems,0.0031688660665138446
n_active_traits,trait_Emperor,0.0031615810905547092
n_full_items,trait_Sorcerer,0.003127283623731306
unit_Galio,n_traits_gold_plus,0.003121851821525184
n_carries,trait_Emperor,0.003112905904951317
n_full_items,trait_Emperor,0.0031122358825723846
mean_cost,unit_Swain,0.003089236541611637
trait_Sorcerer,item_SpectralGauntlet,0.0030819321985496835
n_full_items,patch_16.2,0.003078573473660316
n_3star,unit_Loris,0.0030552299634792335
trait_Targon,n_emblems,0.003050063862232334
n_carries,unit_Swain,0.00301906925941661
n_hi_cost_2star,unit_Swain,0.0029989075962408625
n_carries,unit_Fizz,0.0029861276788018636
item_EmptyBag,unit_Taric,0.002972625237889567
n_traits_gold_plus,patch_16.5,0.0029667861653747767
n_full_items_on_hi_cost,unit_Ornn,0.0029620054732574248
n_1star,unit_MissFortune,0.002950841752944909
item_ThiefsGloves,trait_Blacksmith,0.0029265145989335085
mean_cost,unit_Taric,0.0028985900663689107
n_emblems,unit_Volibear,0.002886976876151328
item_ThiefsGloves,item_JeweledGauntlet,0.0028716388585356117
n_carries,unit_Shyvana,0.002843199229682399
n_carries,unit_Loris,0.002838523280416138
mean_cost,unit_Shyvana,0.0028343056276665486
trait_Blacksmith,unit_Loris,0.0028317819339051037
n_emblems,n_hi_cost,0.002822614250079706
n_1star,patch_16.2,0.002811100696780507
n_active_traits,unit_Shyvana,0.0028082305942788983
level,unit_Taric,0.0027968450663745335
n_carries,unit_Azir,0.0027906135262113305
item_ThiefsGloves,n_artifacts,0.0027556615707508545
unit_Swain,trait_Blacksmith,0.0027405890684205313
unit_Swain,trait_Sorcerer,0.002730101195185083
n_hi_cost_2star,unit_Ornn,0.00271175484486839
n_carries,n_artifacts,0.0026763027316103307
item_ThiefsGloves,n_hi_cost,0.0026626701022675757
n_full_items,item_SpectralGauntlet,0.0026526447609176557
n_full_items,unit_Volibear,0.002644508313968502
item_ThiefsGloves,item_SpectralGauntlet,0.002623635815144394
item_ThiefsGloves,trait_Bilgewater,0.002619996517928979
sum_cost,n_artifacts,0.0026192638138926383
item_ThiefsGloves,unit_MissFortune,0.0026166734199910054
trait_Targon,patch_16.2,0.0026098795633245613
trait_Targon,patch_16.5,0.002608093268914605
patch_16.2,unit_Volibear,0.0025655123907243915
n_hi_cost,n_traits_gold_plus,0.002551403032246554
n_emblems,n_traits_gold_plus,0.0025406123715281913
n_3star,unit_Ornn,0.0025281534725112224
n_hi_cost_2star,trait_Targon,0.0025126847848178143
n_1star,n_emblems,0.002510705328404779
n_hi_cost_1star,patch_16.2,0.0025008378163129848
sum_cost,unit_Ornn,0.00248581218270871
n_active_traits,item_SpectralGauntlet,0.0024564392003631995
n_hi_cost_2star,unit_Shyvana,0.0024287929362713993
unit_Swain,patch_16.5,0.0024234530510651615
sum_cost,item_EmptyBag,0.002416829599525331
n_1star,item_JeweledGauntlet,0.0024022643076995454
sum_cost,unit_Fizz,0.0023856363419262226
n_1star,unit_Shyvana,0.002365442651191095
n_active_traits,unit_Galio,0.0023472807635376678
n_3star,unit_Taric,0.0023284153734744067
n_2star,unit_Ambessa,0.0023027957360072064
mean_cost,unit_Singed,0.002295387185181996
unit_Swain,item_SpectralGauntlet,0.0022807613298771613
patch_16.2,unit_Ambessa,0.002272983944457756
item_JeweledGauntlet,unit_Galio,0.002267347038449462
level,item_JeweledGauntlet,0.002264789713736076
n_1star,trait_Blacksmith,0.0022591709579389465
n_full_items_on_hi_cost,patch_16.2,0.00225146533635288
n_hi_cost,trait_Sorcerer,0.0022489255197984896
n_2star,unit_Swain,0.002217029184379758
n_1star,trait_ShyvanaUnique,0.002214494201678921
mean_cost,n_traits_gold_plus,0.0021889445988251656
n_hi_cost_1star,item_JeweledGauntlet,0.0021879462247688594
n_carries,unit_MissFortune,0.0021825141205384243
mean_cost,patch_16.5,0.0021771348192711755
n_2star,trait_Blacksmith,0.0021736685559472953
item_ThiefsGloves,trait_Sorcerer,0.002167420528173111
item_ThiefsGloves,unit_Shyvana,0.0021582972851076775
n_hi_cost_1star,trait_Blacksmith,0.0021467236274133245
item_EmptyBag,n_full_items_on_hi_cost,0.002144461975377228
unit_Ambessa,item_SpectralGauntlet,0.0021431463195574537
n_hi_cost,patch_16.5,0.0021228465536699543
sum_cost,patch_16.2,0.00211145627284225
n_3star,trait_Blacksmith,0.002097414188921802
n_full_items_on_hi_cost,trait_Blacksmith,0.0020850529434981507
n_hi_cost_1star,unit_Shyvana,0.002077647514124195
mean_cost,patch_16.2,0.0020637828203226493
n_active_traits,item_EmptyBag,0.0020619087692039044
n_hi_cost_1star,n_hi_cost,0.0020617552992515287
n_active_traits,unit_Loris,0.0020481756125726117
n_3star,trait_Bilgewater,0.00204548712343249
item_ThiefsGloves,unit_Singed,0.002034945524085703
n_2star,unit_Ornn,0.0019640320106210436
unit_Ornn,unit_Loris,0.001955478451852142
n_hi_cost,unit_Swain,0.0019407845637441478
n_1star,trait_Sorcerer,0.0019350529964096877
n_hi_cost_1star,unit_Swain,0.001905777740788952
n_2star,trait_ShyvanaUnique,0.0019054972953749844
patch_16.2,unit_Galio,0.0019028930833462163
n_hi_cost_2star,trait_Bilgewater,0.0018963513763917703
n_3star,n_hi_cost_1star,0.0018738109069937037
n_full_items_on_hi_cost,unit_Ambessa,0.001849207022862579
item_JeweledGauntlet,trait_Bilgewater,0.0018369185309569872
n_2star,patch_16.2,0.0018360098050992683
n_full_items_on_hi_cost,unit_Singed,0.001812000527140068
patch_16.2,unit_Fizz,0.0018046820243797514
n_carries,patch_16.2,0.0017927593539743248
level,unit_Shyvana,0.001791088090968014
trait_Blacksmith,item_JeweledGauntlet,0.001785978759398958
level,unit_Volibear,0.001776386704330762
patch_16.2,trait_Emperor,0.001770974017625004
item_JeweledGauntlet,item_SpectralGauntlet,0.0017597796348799836
n_1star,item_EmptyBag,0.001759644661573078
n_carries,trait_ShyvanaUnique,0.0017555597467050885
n_active_traits,trait_Bilgewater,0.0017532365258117746
item_ThiefsGloves,unit_Azir,0.0017521594163024668
n_2star,unit_Loris,0.0017318858246517608
n_hi_cost,trait_Blacksmith,0.0017096594183433466
sum_cost,unit_Galio,0.0017068826912925172
n_active_traits,n_artifacts,0.001695281024428446
n_1star,unit_Volibear,0.0016847895190509827
unit_Swain,unit_Singed,0.0016831317170206523
n_hi_cost,item_JeweledGauntlet,0.0016720580029555643
n_3star,trait_Sorcerer,0.001671940294187202
unit_Taric,patch_16.5,0.0016652790022810354
mean_cost,item_JeweledGauntlet,0.0016533019987586292
n_carries,trait_Sorcerer,0.001646423824939988
item_JeweledGauntlet,unit_MissFortune,0.0016298768930219443
n_hi_cost_2star,n_hi_cost,0.001625459517407686
mean_cost,trait_Targon,0.0016221851661030102
n_2star,unit_Singed,0.001620307638019699
n_3star,n_traits_gold_plus,0.0016039463233401025
level,n_artifacts,0.0015977239760852208
n_full_items_on_hi_cost,trait_Bilgewater,0.0015884586365548918
item_ThiefsGloves,patch_16.2,0.0015779112398514336
trait_Targon,n_traits_gold_plus,0.0015773747807852937
n_hi_cost_1star,unit_Fizz,0.0015392551745780103
sum_cost,n_emblems,0.001533743767023003
n_active_traits,patch_16.5,0.0015217631425617452
n_2star,trait_Sorcerer,0.0015081264349363491
n_3star,unit_Shyvana,0.0014928475106794929
n_full_items,unit_Singed,0.0014916976692868995
n_active_traits,unit_Singed,0.0014789529691106565
n_hi_cost,unit_Loris,0.0014784515528789468
n_emblems,item_JeweledGauntlet,0.0014774310420228411
trait_Blacksmith,unit_Taric,0.001476446131837469
n_3star,unit_Volibear,0.001470484353984989
item_JeweledGauntlet,unit_Shyvana,0.0014689522737376063
level,trait_Sorcerer,0.001468848817129651
n_emblems,unit_Ornn,0.0014652545154968614
n_carries,item_JeweledGauntlet,0.0014558714066290356
n_hi_cost_2star,unit_Ambessa,0.0014411413146491706
n_full_items,unit_Ambessa,0.001430488780246365
n_full_items_on_hi_cost,trait_Sorcerer,0.0014273317254983162
n_active_traits,unit_Ambessa,0.0014264354637351351
unit_Taric,unit_Fizz,0.0014222613924569035
n_1star,unit_Ambessa,0.001420292075222013
n_hi_cost,n_artifacts,0.001408744554488231
n_hi_cost_2star,unit_Azir,0.0014070224405542796
n_3star,patch_16.5,0.001398310118653588
sum_cost,trait_Blacksmith,0.0013949227872885287
n_hi_cost_2star,n_traits_gold_plus,0.0013941031037287806
unit_Swain,unit_Galio,0.0013927182531998782
level,item_SpectralGauntlet,0.0013908760318502857
unit_Ambessa,unit_Azir,0.0013703586315241948
sum_cost,trait_Targon,0.0013655458944672177
n_2star,unit_Volibear,0.00136198546604277
mean_cost,n_emblems,0.001360649125884319
mean_cost,unit_Ambessa,0.001349453808013907
n_2star,unit_MissFortune,0.0013472345334158756
n_hi_cost,unit_Ambessa,0.0013418262426801463
sum_cost,unit_Azir,0.001339979381518243
n_carries,trait_Bilgewater,0.001336294189298662
item_JeweledGauntlet,trait_Sorcerer,0.0013275592470415466
unit_Galio,patch_16.5,0.0013259132425126967
n_hi_cost_1star,n_traits_gold_plus,0.001323149148454507
n_active_traits,item_JeweledGauntlet,0.001322059531098114
n_2star,unit_Fizz,0.0013171069051835533
n_active_traits,unit_Fizz,0.0013165441930182399
mean_cost,trait_Blacksmith,0.0013030945713444148
n_1star,unit_Singed,0.0013007097008507905
n_hi_cost_2star,trait_Sorcerer,0.0012909587201681697
sum_cost,item_JeweledGauntlet,0.0012893561554740073
n_full_items_on_hi_cost,unit_Swain,0.0012814544862833337
n_hi_cost_2star,unit_MissFortune,0.0012790164223867185
n_emblems,unit_Swain,0.001274599870788484
n_2star,n_emblems,0.0012714743469811954
n_hi_cost_2star,trait_Emperor,0.0012659869030972493
unit_Ornn,unit_Fizz,0.0012526557182878136
n_emblems,trait_Blacksmith,0.001244512307571797
n_1star,unit_Ornn,0.0012369948993866712
trait_Targon,n_hi_cost,0.001236548853175771
unit_Ambessa,unit_Shyvana,0.0012338786090287913
mean_cost,unit_Azir,0.0012193507318225992
mean_cost,trait_Emperor,0.0012189651246440163
n_full_items_on_hi_cost,unit_Fizz,0.0012183966732156762
trait_ShyvanaUnique,n_traits_gold_plus,0.0012172011077599913
level,trait_Bilgewater,0.0012127140639004255
n_hi_cost_1star,unit_MissFortune,0.0012048725440485524
unit_Swain,trait_ShyvanaUnique,0.0012001412699194256
mean_cost,unit_Volibear,0.00119950825663085
unit_Swain,n_artifacts,0.0011862535668700296
trait_Blacksmith,unit_Fizz,0.0011832221620448505
n_hi_cost,unit_Shyvana,0.0011748983099083576
unit_Ambessa,trait_Emperor,0.0011661039339018525
item_ThiefsGloves,unit_Loris,0.001160908516958374
n_carries,unit_Galio,0.0011569324545149461
unit_Swain,unit_Taric,0.0011563275284824572
n_1star,n_traits_gold_plus,0.0011549336552973766
n_emblems,unit_Taric,0.0011520637803002893
n_hi_cost,unit_Singed,0.0011414637499917455
unit_Shyvana,unit_Singed,0.001123724123849759
n_full_items_on_hi_cost,item_JeweledGauntlet,0.0011107146105658321
n_3star,item_SpectralGauntlet,0.0011093787034626582
n_3star,item_JeweledGauntlet,0.0011086067667945164
sum_cost,unit_Volibear,0.0011076184622060444
level,unit_MissFortune,0.0011060672006535
trait_Targon,unit_Swain,0.0011048081431433597
sum_cost,unit_Ambessa,0.0011043941520771934
unit_Shyvana,n_traits_gold_plus,0.0010982383136432495
patch_16.2,trait_Sorcerer,0.0010979279665287549
item_EmptyBag,unit_Swain,0.0010846537148241555
patch_16.2,item_SpectralGauntlet,0.0010845991036521367
level,unit_Galio,0.0010731918498488107
unit_Swain,item_JeweledGauntlet,0.0010716747831057086
n_hi_cost,patch_16.2,0.0010714011731983782
n_hi_cost_2star,unit_Fizz,0.0010684116232046294
n_active_traits,unit_Volibear,0.0010578881443862257
item_ThiefsGloves,unit_Galio,0.0010559496830155055
unit_Swain,unit_Volibear,0.0010536354025977978
mean_cost,unit_Fizz,0.0010487906242079334
n_full_items_on_hi_cost,patch_16.5,0.0010483956242304004
n_full_items_on_hi_cost,n_artifacts,0.0010384877561064616
n_3star,trait_ShyvanaUnique,0.0010383013373262604
level,unit_Azir,0.001021686983303312
n_hi_cost_2star,trait_ShyvanaUnique,0.0010201439175685318
sum_cost,n_traits_gold_plus,0.0010084849304548477
unit_MissFortune,unit_Volibear,0.000992388645386574
n_emblems,n_artifacts,0.0009839185076220437
n_hi_cost_1star,trait_Sorcerer,0.0009818320647999757
n_hi_cost_1star,patch_16.5,0.0009733467976235469
n_1star,unit_Loris,0.0009684771205664194
n_emblems,unit_Singed,0.0009653460644992611
n_full_items_on_hi_cost,item_SpectralGauntlet,0.0009590085983022325
item_JeweledGauntlet,n_artifacts,0.0009557798675878012
mean_cost,unit_Ornn,0.0009544038487649864
unit_Shyvana,unit_Loris,0.0009466283021446532
n_carries,unit_Volibear,0.0009417896904527767
n_hi_cost_2star,unit_Singed,0.0009368220567445261
mean_cost,unit_Loris,0.0009347417560015826
n_hi_cost_1star,unit_Taric,0.0009343395866733626
mean_cost,unit_Galio,0.0009327640870808944
n_emblems,unit_Shyvana,0.0009309614685287622
trait_Blacksmith,unit_Singed,0.0009294074121003236
n_emblems,patch_16.2,0.0009196012053711943
sum_cost,trait_Sorcerer,0.0009182691194695764
n_hi_cost_1star,n_emblems,0.0009179064474198763
sum_cost,unit_Taric,0.0009165104194021552
n_2star,n_artifacts,0.0009164259692560812
n_hi_cost_1star,item_SpectralGauntlet,0.0009087747532335984
n_1star,patch_16.5,0.0009039725369051393
unit_Shyvana,unit_Taric,0.0008960088439354001
unit_Singed,trait_Sorcerer,0.0008921302729781389
n_hi_cost,unit_MissFortune,0.0008877671413967313
item_JeweledGauntlet,n_traits_gold_plus,0.0008804422616525523
level,trait_Emperor,0.000871457167073338
unit_Shyvana,item_SpectralGauntlet,0.0008700681787912112
n_carries,patch_16.5,0.0008681554159819028
unit_Taric,trait_Sorcerer,0.0008636180112810204
n_hi_cost_2star,n_artifacts,0.0008612607858794996
n_hi_cost,unit_Azir,0.0008577358011918508
n_emblems,unit_Azir,0.000847305877809634
n_active_traits,unit_MissFortune,0.0008467330134961192
mean_cost,unit_MissFortune,0.0008436718621781435
item_ThiefsGloves,patch_16.5,0.0008436578116499546
mean_cost,n_artifacts,0.0008420033187709963
sum_cost,patch_16.5,0.0008355355857443804
trait_Targon,trait_Blacksmith,0.0008338866452562124
trait_Emperor,item_SpectralGauntlet,0.000826831821848433
unit_Shyvana,unit_Volibear,0.0008259506397703516
n_full_items,unit_Galio,0.0008183255167165071
unit_Ornn,trait_Bilgewater,0.0008166540869683242
trait_Bilgewater,unit_Fizz,0.0008142042400586546
n_hi_cost_1star,unit_Loris,0.0008133743064646697
n_hi_cost_2star,unit_Volibear,0.0008121979025711087
unit_Loris,unit_Volibear,0.0008107755546445855
unit_Shyvana,trait_Sorcerer,0.0008073286483822634
unit_Galio,unit_Volibear,0.0007951038768021378
sum_cost,unit_Loris,0.0007947585626051172
n_3star,n_artifacts,0.0007850187969686195
unit_Singed,n_artifacts,0.0007783153399763762
n_artifacts,n_traits_gold_plus,0.0007782055187152032
n_1star,unit_Azir,0.0007774486462913975
n_hi_cost_1star,unit_Azir,0.0007762805002015952
n_hi_cost,item_SpectralGauntlet,0.0007759741516102374
n_hi_cost,unit_Galio,0.0007703522867734754
n_hi_cost_1star,n_artifacts,0.0007667638610279732
item_EmptyBag,n_hi_cost_1star,0.0007558877785178242
unit_Singed,unit_Loris,0.0007514751771710035
n_emblems,unit_Fizz,0.0007492887267154886
unit_MissFortune,item_SpectralGauntlet,0.0007410344167525898
unit_Ambessa,patch_16.5,0.0007370070278731719
n_1star,trait_Bilgewater,0.0007369469766255484
trait_Blacksmith,n_traits_gold_plus,0.0007360786981805045
n_hi_cost_1star,unit_Singed,0.0007341715181417847
trait_Blacksmith,patch_16.5,0.0007337672432207027
n_emblems,unit_MissFortune,0.0007315913051212043
unit_Shyvana,unit_Galio,0.000727902576387153
unit_MissFortune,unit_Fizz,0.000726069678002191
unit_Ornn,unit_Taric,0.0007195716734190875
unit_Swain,n_traits_gold_plus,0.0007167166429019262
n_hi_cost_1star,trait_Bilgewater,0.0007154078661777831
sum_cost,trait_Bilgewater,0.0007008449414936729
n_emblems,trait_Sorcerer,0.0007000952846478988
sum_cost,trait_Emperor,0.0006919759646291035
trait_Targon,n_artifacts,0.0006901760718891338
trait_Bilgewater,unit_Taric,0.0006858491084550696
mean_cost,item_SpectralGauntlet,0.0006857145529270857
n_2star,n_traits_gold_plus,0.0006833759620021155
unit_MissFortune,n_artifacts,0.0006822557461356486
trait_Targon,unit_Ornn,0.0006808699099800468
mean_cost,trait_ShyvanaUnique,0.0006741622101653096
n_2star,item_JeweledGauntlet,0.0006717484265209026
level,patch_16.5,0.0006646345978341025
item_ThiefsGloves,trait_ShyvanaUnique,0.0006563288470683141
n_hi_cost_2star,unit_Galio,0.0006557283808595167
unit_Ornn,item_JeweledGauntlet,0.0006550130217263666
n_active_traits,trait_ShyvanaUnique,0.0006539544073591931
item_ThiefsGloves,unit_Volibear,0.0006526713453761224
n_emblems,trait_ShyvanaUnique,0.0006485441761347087
n_1star,item_SpectralGauntlet,0.0006479166288033233
n_2star,patch_16.5,0.0006455541842867924
n_hi_cost_1star,trait_ShyvanaUnique,0.0006370496480619107
trait_ShyvanaUnique,trait_Sorcerer,0.000636974748619634
n_full_items_on_hi_cost,unit_Galio,0.0006333127512054387
item_ThiefsGloves,trait_Emperor,0.0006310948531823814
trait_Blacksmith,unit_Shyvana,0.0006215648489571344
unit_Shyvana,trait_Bilgewater,0.0006174138499415149
n_hi_cost_1star,unit_Ornn,0.0006161528747667208
n_3star,unit_MissFortune,0.0006156381128986263
n_1star,n_artifacts,0.0006122974099942412
unit_Shyvana,unit_MissFortune,0.0006033375514358759
item_JeweledGauntlet,unit_Fizz,0.0006010002486959428
n_hi_cost,unit_Ornn,0.0006002998384994969
sum_cost,unit_MissFortune,0.0005984854561114245
n_full_items_on_hi_cost,unit_MissFortune,0.0005886153847443314
n_3star,unit_Azir,0.0005881789273487978
sum_cost,trait_ShyvanaUnique,0.0005865359639424588
n_traits_gold_plus,unit_Loris,0.0005847794821483418
n_hi_cost,trait_Emperor,0.0005847339883581656
n_carries,item_SpectralGauntlet,0.0005840945144887068
unit_Fizz,trait_Sorcerer,0.0005840309142009189
item_EmptyBag,n_emblems,0.0005815509107976121
patch_16.2,unit_Ornn,0.0005763525327902661
n_emblems,unit_Loris,0.000568977460179961
unit_Azir,trait_Sorcerer,0.0005666103008154233
unit_Ornn,trait_Sorcerer,0.0005663994229489559
unit_Ornn,unit_Azir,0.0005654679284153494
trait_Targon,trait_ShyvanaUnique,0.0005625899540845708
patch_16.5,trait_Sorcerer,0.0005623373501343109
n_emblems,trait_Emperor,0.0005619320697154152
unit_Ambessa,n_traits_gold_plus,0.0005614657113874837
unit_Taric,n_artifacts,0.0005574308195888993
n_3star,trait_Emperor,0.0005542825041070271
trait_Bilgewater,unit_MissFortune,0.0005529965025803346
sum_cost,item_SpectralGauntlet,0.0005525805468577643
n_artifacts,item_SpectralGauntlet,0.0005520269688667617
n_1star,trait_Emperor,0.0005482978603968451
item_JeweledGauntlet,trait_Emperor,0.0005467910292379769
unit_Taric,item_SpectralGauntlet,0.0005453814408507804
unit_Ornn,unit_Swain,0.0005451995894493361
n_hi_cost_1star,trait_Emperor,0.0005451668054156489
trait_Targon,unit_Singed,0.0005345918778980333
patch_16.2,item_JeweledGauntlet,0.0005324621706230168
n_carries,unit_Ambessa,0.0005274265825481947
level,trait_ShyvanaUnique,0.0005255549864900431
item_JeweledGauntlet,unit_Azir,0.000521233607534458
n_hi_cost_1star,unit_Ambessa,0.0005196339738460002
n_2star,trait_Bilgewater,0.0005177274366609905
sum_cost,unit_Singed,0.0005169563734968977
trait_Targon,unit_Shyvana,0.0005169376185165989
n_emblems,item_SpectralGauntlet,0.0005149315233594298
unit_Ornn,n_traits_gold_plus,0.0005068161576561171
n_hi_cost_2star,item_SpectralGauntlet,0.0005029920780985028
unit_Ornn,unit_Shyvana,0.0005013811697514429
n_hi_cost_2star,patch_16.5,0.0004978986313728282
n_hi_cost,trait_ShyvanaUnique,0.0004973253919174072
patch_16.2,trait_Blacksmith,0.0004934967337204053
n_hi_cost_1star,unit_Volibear,0.000493382838073451
n_artifacts,trait_Sorcerer,0.0004933267312259308
n_carries,unit_Singed,0.00048521000551134846
item_JeweledGauntlet,unit_Volibear,0.0004788222859156585
unit_Singed,patch_16.5,0.00047881681843466343
unit_Ornn,trait_ShyvanaUnique,0.00047349318822510663
n_3star,unit_Ambessa,0.00047073735699729684
unit_Fizz,unit_Volibear,0.00046898439130306204
n_emblems,patch_16.5,0.0004586930628681649
n_1star,unit_Galio,0.0004529604113534809
unit_Ambessa,unit_MissFortune,0.0004488203906072353
trait_Blacksmith,unit_Galio,0.0004477776267922306
trait_Blacksmith,unit_Azir,0.0004473547191019
trait_Targon,trait_Emperor,0.0004471773933855461
trait_Sorcerer,unit_Loris,0.0004409659893368667
unit_Ambessa,trait_Sorcerer,0.0004384976825678192
item_EmptyBag,patch_16.2,0.00043713052610124583
unit_Taric,unit_Loris,0.0004363197509654216
n_2star,item_SpectralGauntlet,0.00043365660042937455
unit_Taric,unit_Galio,0.00043325035286541044
unit_Shyvana,n_artifacts,0.0004253085081252997
item_JeweledGauntlet,unit_Singed,0.00042527546220700685
unit_Swain,trait_Emperor,0.000424421402124884
unit_Ambessa,unit_Taric,0.00042199402623464415
item_EmptyBag,item_JeweledGauntlet,0.0004188982510803941
n_full_items_on_hi_cost,unit_Volibear,0.0004167860314889181
item_EmptyBag,unit_Loris,0.00041655812419143093
item_JeweledGauntlet,patch_16.5,0.0004164748328948515
unit_Ambessa,item_JeweledGauntlet,0.000416021753294987
unit_Galio,trait_Sorcerer,0.00041414113826342364
unit_Singed,trait_ShyvanaUnique,0.0004094187359719577
unit_Ambessa,trait_ShyvanaUnique,0.00040299432202613075
mean_cost,trait_Bilgewater,0.00040030582765915236
n_3star,unit_Galio,0.0004001400515452831
n_traits_gold_plus,trait_Sorcerer,0.00039087322576948744
n_traits_gold_plus,item_SpectralGauntlet,0.0003890244291076211
item_EmptyBag,trait_Bilgewater,0.0003883346548060668
unit_Taric,unit_Singed,0.0003829267554962572
trait_Targon,unit_Ambessa,0.0003825657099061581
item_ThiefsGloves,unit_Fizz,0.0003812572962372444
unit_Loris,item_SpectralGauntlet,0.0003810031160431436
level,unit_Singed,0.0003785966796233779
trait_Targon,item_SpectralGauntlet,0.00037504948051655425
trait_Bilgewater,unit_Volibear,0.0003731183853916148
unit_Taric,unit_Volibear,0.00037216257216259236
trait_Blacksmith,trait_Emperor,0.0003703708164371882
unit_Azir,patch_16.5,0.00037032069935970436
unit_Swain,unit_Azir,0.0003686433267937113
patch_16.2,unit_Shyvana,0.0003631821686746948
trait_ShyvanaUnique,item_SpectralGauntlet,0.00036220628623614146
unit_Swain,trait_Bilgewater,0.00036067352985818526
unit_Fizz,n_traits_gold_plus,0.0003599798155499456
n_hi_cost,trait_Bilgewater,0.00035259373425501584
patch_16.2,unit_MissFortune,0.00034325376147744004
item_EmptyBag,trait_Blacksmith,0.0003413088612579363
unit_Ambessa,unit_Singed,0.00034076436908830383
unit_Ornn,trait_Emperor,0.0003396899633703673
trait_Blacksmith,item_SpectralGauntlet,0.00033873368778305303
trait_Sorcerer,unit_Volibear,0.0003386998891863269
trait_Targon,unit_Galio,0.000332940623349365
unit_Galio,item_SpectralGauntlet,0.0003319222874744948
n_hi_cost,unit_Volibear,0.00032973109827610334
patch_16.2,n_artifacts,0.0003287906327678326
unit_Ambessa,unit_Loris,0.00032656900825218764
patch_16.2,unit_Loris,0.00032589681163495103
unit_Ornn,unit_Volibear,0.0003235069084889169
unit_Galio,unit_Loris,0.00032198603247392195
n_emblems,trait_Bilgewater,0.0003182907324315661
trait_Bilgewater,unit_Loris,0.00031423888500847465
unit_Azir,item_SpectralGauntlet,0.0003133858878134348
n_2star,unit_Galio,0.0003112327097781294
patch_16.5,unit_Loris,0.00030763997973961893
trait_Blacksmith,trait_Bilgewater,0.0003032352579653317
n_emblems,unit_Ambessa,0.00030190205979293476
n_traits_gold_plus,unit_Volibear,0.00030107486483090624
n_emblems,unit_Galio,0.0002997154811371072
unit_Azir,n_artifacts,0.00029636567386493416
unit_MissFortune,unit_Loris,0.00029514304884769573
trait_Blacksmith,unit_Volibear,0.00028862011951337864
item_JeweledGauntlet,unit_Loris,0.0002876815888404179
n_artifacts,unit_Volibear,0.00028118499090448766
patch_16.5,unit_Volibear,0.0002746863497642146
n_3star,unit_Singed,0.0002714511923536379
n_hi_cost,unit_Fizz,0.0002692509960860629
unit_Azir,unit_Galio,0.00026857387262331506
item_EmptyBag,unit_Shyvana,0.0002677261199534695
unit_Azir,unit_Taric,0.00026588824394215455
unit_Azir,n_traits_gold_plus,0.0002656945075028012
patch_16.2,trait_Bilgewater,0.0002654867145990367
unit_Ambessa,n_artifacts,0.00026363302080868414
unit_Azir,unit_MissFortune,0.00026219382639805283
n_hi_cost_1star,unit_Galio,0.0002621397270640884
item_EmptyBag,n_hi_cost,0.00025020450206161355
unit_Ornn,unit_Singed,0.00024962129882135606
n_artifacts,patch_16.5,0.00024805590494494684
unit_Singed,n_traits_gold_plus,0.00024799340565318466
patch_16.2,unit_Singed,0.0002469320510944766
item_SpectralGauntlet,unit_Volibear,0.00024690118278694546
trait_Emperor,trait_Sorcerer,0.00024232461170415766
unit_Ornn,unit_Galio,0.0002371744078494501
trait_Targon,unit_Volibear,0.0002365633478936237
trait_ShyvanaUnique,patch_16.5,0.00023320555859102692
item_EmptyBag,item_SpectralGauntlet,0.00023263655583908365
unit_Ornn,unit_MissFortune,0.00022941520552220793
n_artifacts,trait_ShyvanaUnique,0.00022811268199284486
unit_Taric,trait_Emperor,0.00022731256717389972
patch_16.5,item_SpectralGauntlet,0.0002259421829347499
item_EmptyBag,unit_Ornn,0.00022512978907706648
trait_Targon,unit_Loris,0.0002203923907406327
trait_Targon,unit_Azir,0.0002119159139351813
trait_Bilgewater,unit_Galio,0.0002096219326963006
item_EmptyBag,trait_Sorcerer,0.00020920015421021685
trait_Blacksmith,unit_Ambessa,0.0002058529544690862
trait_Bilgewater,n_artifacts,0.000204056597142466
unit_Galio,n_artifacts,0.00019973461549242203
n_artifacts,unit_Fizz,0.00019742037543345962
unit_Taric,trait_ShyvanaUnique,0.00019637117226818608
unit_MissFortune,trait_Sorcerer,0.00019330797868062505
unit_Azir,unit_Loris,0.0001929978510154671
n_artifacts,unit_Loris,0.00018534854098262575
unit_Azir,unit_Shyvana,0.00018082089517550126
unit_Fizz,item_SpectralGauntlet,0.00017977363974534257
item_EmptyBag,unit_Volibear,0.0001746339130867987
unit_MissFortune,n_traits_gold_plus,0.00017287896981687127
unit_Swain,unit_MissFortune,0.00017203817290932944
item_EmptyBag,trait_Targon,0.00017094066876939678
unit_Galio,unit_Singed,0.0001694129649235831
trait_Blacksmith,trait_ShyvanaUnique,0.0001683983430599523
unit_Ambessa,unit_Volibear,0.0001618187192776695
unit_Ornn,item_SpectralGauntlet,0.0001613627017737015
trait_Emperor,patch_16.5,0.00016021872847945515
trait_Targon,unit_Fizz,0.00015966641773176957
patch_16.2,n_traits_gold_plus,0.00015964062741274116
patch_16.2,trait_ShyvanaUnique,0.00015892024683515591
trait_Bilgewater,item_SpectralGauntlet,0.00015834306983558986
item_EmptyBag,mean_cost,0.00015775480692930383
item_EmptyBag,unit_Singed,0.00015431591558535433
unit_Ambessa,trait_Bilgewater,0.00015387341191203577
unit_Shyvana,unit_Fizz,0.00014686919431659427
unit_Ornn,patch_16.5,0.00014411267824070403
trait_Bilgewater,patch_16.5,0.0001411910434149989
trait_ShyvanaUnique,unit_Fizz,0.00014046691947094657
unit_Ornn,unit_Ambessa,0.00012932126920605833
n_artifacts,trait_Emperor,0.00012452779037473445
unit_Shyvana,patch_16.5,0.00012163605414258779
item_EmptyBag,unit_Ambessa,0.00012113677397420822
item_EmptyBag,unit_Galio,0.00011247004023356196
item_EmptyBag,unit_MissFortune,0.00011219359403483567
trait_Targon,trait_Bilgewater,0.0001072349555439815
trait_Targon,unit_MissFortune,0.00010124008852648199
item_EmptyBag,trait_ShyvanaUnique,0.0001004745212222627
unit_Azir,unit_Singed,9.969470387131408e-05
item_EmptyBag,unit_Azir,9.920238053825323e-05
unit_Singed,unit_MissFortune,9.485461796209962e-05
unit_Swain,unit_Fizz,9.446381286985424e-05
unit_Singed,unit_Volibear,9.260748414032684e-05
trait_Bilgewater,n_traits_gold_plus,9.082360964518193e-05
unit_Azir,unit_Fizz,8.466286395551089e-05
unit_Azir,trait_ShyvanaUnique,8.331198974544684e-05
unit_Taric,unit_MissFortune,8.218293573813762e-05
unit_Galio,unit_MissFortune,8.215106743957902e-05
unit_Azir,trait_Bilgewater,7.869279821955164e-05
trait_Bilgewater,trait_ShyvanaUnique,7.754466581995408e-05
unit_Ambessa,unit_Galio,7.540241197524447e-05
trait_Blacksmith,unit_MissFortune,6.479716513080997e-05
item_EmptyBag,trait_Emperor,6.44263312095697e-05
unit_Azir,unit_Volibear,6.272317243663674e-05
unit_MissFortune,trait_Emperor,5.944117456959466e-05
unit_Galio,trait_Emperor,5.8364607490455034e-05
trait_Emperor,unit_Loris,5.535619845365922e-05
unit_Shyvana,trait_Emperor,5.428794958276357e-05
unit_Galio,unit_Fizz,5.3501763728838365e-05
trait_Bilgewater,unit_Singed,5.233347687333388e-05
unit_Singed,trait_Emperor,4.867167219697501e-05
unit_MissFortune,patch_16.5,4.7929342902519254e-05
patch_16.2,patch_16.5,4.7054402787615436e-05
trait_ShyvanaUnique,unit_Loris,4.0677169757017685e-05
trait_Bilgewater,trait_Sorcerer,3.9430726274607044e-05
item_EmptyBag,patch_16.5,3.666293021731248e-05
item_EmptyBag,n_traits_gold_plus,3.55634784442093e-05
trait_Emperor,n_traits_gold_plus,3.494634654037227e-05
item_EmptyBag,unit_Fizz,3.459177169604997e-05
trait_Bilgewater,trait_Emperor,3.319406573760154e-05
trait_Blacksmith,trait_Sorcerer,3.283135054595194e-05
unit_Ambessa,unit_Fizz,3.2055506953812185e-05
item_EmptyBag,n_artifacts,3.178275248654107e-05
unit_Galio,trait_ShyvanaUnique,2.5901500349195458e-05
item_JeweledGauntlet,trait_ShyvanaUnique,2.5872630142662706e-05
unit_Fizz,unit_Loris,2.382392269201943e-05
unit_Singed,unit_Fizz,2.3796393324823866e-05
trait_ShyvanaUnique,unit_Volibear,2.3286710955910663e-05
trait_Emperor,trait_ShyvanaUnique,2.2999439639610444e-05
trait_Emperor,unit_Fizz,1.6665891356003897e-05
unit_Singed,item_SpectralGauntlet,1.5441469289154957e-05
unit_Fizz,patch_16.5,1.300291579030387e-05
unit_MissFortune,trait_ShyvanaUnique,7.210062000838786e-06
trait_Emperor,unit_Volibear,1.5089273552697117e-06
n_full_items,n_full_items,
level,n_full_items,
level,level,
n_3star,n_full_items,
n_3star,level,
n_3star,n_3star,
item_ThiefsGloves,n_full_items,
item_ThiefsGloves,level,
item_ThiefsGloves,n_3star,
item_ThiefsGloves,item_ThiefsGloves,
n_hi_cost_2star,n_full_items,
n_hi_cost_2star,level,
n_hi_cost_2star,n_3star,
n_hi_cost_2star,item_ThiefsGloves,
n_hi_cost_2star,n_hi_cost_2star,
n_1star,n_full_items,
n_1star,level,
n_1star,n_3star,
n_1star,item_ThiefsGloves,
n_1star,n_hi_cost_2star,
n_1star,n_1star,
n_carries,n_full_items,
n_carries,level,
n_carries,n_3star,
n_carries,item_ThiefsGloves,
n_carries,n_hi_cost_2star,
n_carries,n_1star,
n_carries,n_carries,
n_2star,n_full_items,
n_2star,level,
n_2star,n_3star,
n_2star,item_ThiefsGloves,
n_2star,n_hi_cost_2star,
n_2star,n_1star,
n_2star,n_carries,
n_2star,n_2star,
n_active_traits,n_full_items,
n_active_traits,level,
n_active_traits,n_3star,
n_active_traits,item_ThiefsGloves,
n_active_traits,n_hi_cost_2star,
n_active_traits,n_1star,
n_active_traits,n_carries,
n_active_traits,n_2star,
n_active_traits,n_active_traits,
sum_cost,n_full_items,
sum_cost,level,
sum_cost,n_3star,
sum_cost,item_ThiefsGloves,
sum_cost,n_hi_cost_2star,
sum_cost,n_1star,
sum_cost,n_carries,
sum_cost,n_2star,
sum_cost,n_active_traits,
sum_cost,sum_cost,
item_EmptyBag,n_full_items,
item_EmptyBag,level,
item_EmptyBag,n_3star,
item_EmptyBag,item_ThiefsGloves,
item_EmptyBag,n_hi_cost_2star,
item_EmptyBag,n_1star,
item_EmptyBag,n_carries,
item_EmptyBag,n_2star,
item_EmptyBag,n_active_traits,
item_EmptyBag,sum_cost,
item_EmptyBag,item_EmptyBag,
n_hi_cost_1star,n_full_items,
n_hi_cost_1star,level,
n_hi_cost_1star,n_3star,
n_hi_cost_1star,item_ThiefsGloves,
n_hi_cost_1star,n_hi_cost_2star,
n_hi_cost_1star,n_1star,
n_hi_cost_1star,n_carries,
n_hi_cost_1star,n_2star,
n_hi_cost_1star,n_active_traits,
n_hi_cost_1star,sum_cost,
n_hi_cost_1star,item_EmptyBag,
n_hi_cost_1star,n_hi_cost_1star,
mean_cost,n_full_items,
mean_cost,level,
mean_cost,n_3star,
mean_cost,item_ThiefsGloves,
mean_cost,n_hi_cost_2star,
mean_cost,n_1star,
mean_cost,n_carries,
mean_cost,n_2star,
mean_cost,n_active_traits,
mean_cost,sum_cost,
mean_cost,item_EmptyBag,
mean_cost,n_hi_cost_1star,
mean_cost,mean_cost,
trait_Targon,n_full_items,
trait_Targon,level,
trait_Targon,n_3star,
trait_Targon,item_ThiefsGloves,
trait_Targon,n_hi_cost_2star,
trait_Targon,n_1star,
trait_Targon,n_carries,
trait_Targon,n_2star,
trait_Targon,n_active_traits,
trait_Targon,sum_cost,
trait_Targon,item_EmptyBag,
trait_Targon,n_hi_cost_1star,
trait_Targon,mean_cost,
trait_Targon,trait_Targon,
n_full_items_on_hi_cost,n_full_items,
n_full_items_on_hi_cost,level,
n_full_items_on_hi_cost,n_3star,
n_full_items_on_hi_cost,item_ThiefsGloves,
n_full_items_on_hi_cost,n_hi_cost_2star,
n_full_items_on_hi_cost,n_1star,
n_full_items_on_hi_cost,n_carries,
n_full_items_on_hi_cost,n_2star,
n_full_items_on_hi_cost,n_active_traits,
n_full_items_on_hi_cost,sum_cost,
n_full_items_on_hi_cost,item_EmptyBag,
n_full_items_on_hi_cost,n_hi_cost_1star,
n_full_items_on_hi_cost,mean_cost,
n_full_items_on_hi_cost,trait_Targon,
n_full_items_on_hi_cost,n_full_items_on_hi_cost,
n_emblems,n_full_items,
n_emblems,level,
n_emblems,n_3star,
n_emblems,item_ThiefsGloves,
n_emblems,n_hi_cost_2star,
n_emblems,n_1star,
n_emblems,n_carries,
n_emblems,n_2star,
n_emblems,n_active_traits,
n_emblems,sum_cost,
n_emblems,item_EmptyBag,
n_emblems,n_hi_cost_1star,
n_emblems,mean_cost,
n_emblems,trait_Targon,
n_emblems,n_full_items_on_hi_cost,
n_emblems,n_emblems,
n_hi_cost,n_full_items,
n_hi_cost,level,
n_hi_cost,n_3star,
n_hi_cost,item_ThiefsGloves,
n_hi_cost,n_hi_cost_2star,
n_hi_cost,n_1star,
n_hi_cost,n_carries,
n_hi_cost,n_2star,
n_hi_cost,n_active_traits,
n_hi_cost,sum_cost,
n_hi_cost,item_EmptyBag,
n_hi_cost,n_hi_cost_1star,
n_hi_cost,mean_cost,
n_hi_cost,trait_Targon,
n_hi_cost,n_full_items_on_hi_cost,
n_hi_cost,n_emblems,
n_hi_cost,n_hi_cost,
patch_16.2,n_full_items,
patch_16.2,level,
patch_16.2,n_3star,
patch_16.2,item_ThiefsGloves,
patch_16.2,n_hi_cost_2star,
patch_16.2,n_1star,
patch_16.2,n_carries,
patch_16.2,n_2star,
patch_16.2,n_active_traits,
patch_16.2,sum_cost,
patch_16.2,item_EmptyBag,
patch_16.2,n_hi_cost_1star,
patch_16.2,mean_cost,
patch_16.2,trait_Targon,
patch_16.2,n_full_items_on_hi_cost,
patch_16.2,n_emblems,
patch_16.2,n_hi_cost,
patch_16.2,patch_16.2,
unit_Ornn,n_full_items,
unit_Ornn,level,
unit_Ornn,n_3star,
unit_Ornn,item_ThiefsGloves,
unit_Ornn,n_hi_cost_2star,
unit_Ornn,n_1star,
unit_Ornn,n_carries,
unit_Ornn,n_2star,
unit_Ornn,n_active_traits,
unit_Ornn,sum_cost,
unit_Ornn,item_EmptyBag,
unit_Ornn,n_hi_cost_1star,
unit_Ornn,mean_cost,
unit_Ornn,trait_Targon,
unit_Ornn,n_full_items_on_hi_cost,
unit_Ornn,n_emblems,
unit_Ornn,n_hi_cost,
unit_Ornn,patch_16.2,
unit_Ornn,unit_Ornn,
unit_Swain,n_full_items,
unit_Swain,level,
unit_Swain,n_3star,
unit_Swain,item_ThiefsGloves,
unit_Swain,n_hi_cost_2star,
unit_Swain,n_1star,
unit_Swain,n_carries,
unit_Swain,n_2star,
unit_Swain,n_active_traits,
unit_Swain,sum_cost,
unit_Swain,item_EmptyBag,
unit_Swain,n_hi_cost_1star,
unit_Swain,mean_cost,
unit_Swain,trait_Targon,
unit_Swain,n_full_items_on_hi_cost,
unit_Swain,n_emblems,
unit_Swain,n_hi_cost,
unit_Swain,patch_16.2,
unit_Swain,unit_Ornn,
unit_Swain,unit_Swain,
trait_Blacksmith,n_full_items,
trait_Blacksmith,level,
trait_Blacksmith,n_3star,
trait_Blacksmith,item_ThiefsGloves,
trait_Blacksmith,n_hi_cost_2star,
trait_Blacksmith,n_1star,
trait_Blacksmith,n_carries,
trait_Blacksmith,n_2star,
trait_Blacksmith,n_active_traits,
trait_Blacksmith,sum_cost,
trait_Blacksmith,item_EmptyBag,
trait_Blacksmith,n_hi_cost_1star,
trait_Blacksmith,mean_cost,
trait_Blacksmith,trait_Targon,
trait_Blacksmith,n_full_items_on_hi_cost,
trait_Blacksmith,n_emblems,
trait_Blacksmith,n_hi_cost,
trait_Blacksmith,patch_16.2,
trait_Blacksmith,unit_Ornn,
trait_Blacksmith,unit_Swain,
trait_Blacksmith,trait_Blacksmith,
unit_Ambessa,n_full_items,
unit_Ambessa,level,
unit_Ambessa,n_3star,
unit_Ambessa,item_ThiefsGloves,
unit_Ambessa,n_hi_cost_2star,
unit_Ambessa,n_1star,
unit_Ambessa,n_carries,
unit_Ambessa,n_2star,
unit_Ambessa,n_active_traits,
unit_Ambessa,sum_cost,
unit_Ambessa,item_EmptyBag,
unit_Ambessa,n_hi_cost_1star,
unit_Ambessa,mean_cost,
unit_Ambessa,trait_Targon,
unit_Ambessa,n_full_items_on_hi_cost,
unit_Ambessa,n_emblems,
unit_Ambessa,n_hi_cost,
unit_Ambessa,patch_16.2,
unit_Ambessa,unit_Ornn,
unit_Ambessa,unit_Swain,
unit_Ambessa,trait_Blacksmith,
unit_Ambessa,unit_Ambessa,
item_JeweledGauntlet,n_full_items,
item_JeweledGauntlet,level,
item_JeweledGauntlet,n_3star,
item_JeweledGauntlet,item_ThiefsGloves,
item_JeweledGauntlet,n_hi_cost_2star,
item_JeweledGauntlet,n_1star,
item_JeweledGauntlet,n_carries,
item_JeweledGauntlet,n_2star,
item_JeweledGauntlet,n_active_traits,
item_JeweledGauntlet,sum_cost,
item_JeweledGauntlet,item_EmptyBag,
item_JeweledGauntlet,n_hi_cost_1star,
item_JeweledGauntlet,mean_cost,
item_JeweledGauntlet,trait_Targon,
item_JeweledGauntlet,n_full_items_on_hi_cost,
item_JeweledGauntlet,n_emblems,
item_JeweledGauntlet,n_hi_cost,
item_JeweledGauntlet,patch_16.2,
item_JeweledGauntlet,unit_Ornn,
item_JeweledGauntlet,unit_Swain,
item_JeweledGauntlet,trait_Blacksmith,
item_JeweledGauntlet,unit_Ambessa,
item_JeweledGauntlet,item_JeweledGauntlet,
unit_Azir,n_full_items,
unit_Azir,level,
unit_Azir,n_3star,
unit_Azir,item_ThiefsGloves,
unit_Azir,n_hi_cost_2star,
unit_Azir,n_1star,
unit_Azir,n_carries,
unit_Azir,n_2star,
unit_Azir,n_active_traits,
unit_Azir,sum_cost,
unit_Azir,item_EmptyBag,
unit_Azir,n_hi_cost_1star,
unit_Azir,mean_cost,
unit_Azir,trait_Targon,
unit_Azir,n_full_items_on_hi_cost,
unit_Azir,n_emblems,
unit_Azir,n_hi_cost,
unit_Azir,patch_16.2,
unit_Azir,unit_Ornn,
unit_Azir,unit_Swain,
unit_Azir,trait_Blacksmith,
unit_Azir,unit_Ambessa,
unit_Azir,item_JeweledGauntlet,
unit_Azir,unit_Azir,
unit_Shyvana,n_full_items,
unit_Shyvana,level,
unit_Shyvana,n_3star,
unit_Shyvana,item_ThiefsGloves,
unit_Shyvana,n_hi_cost_2star,
unit_Shyvana,n_1star,
unit_Shyvana,n_carries,
unit_Shyvana,n_2star,
unit_Shyvana,n_active_traits,
unit_Shyvana,sum_cost,
unit_Shyvana,item_EmptyBag,
unit_Shyvana,n_hi_cost_1star,
unit_Shyvana,mean_cost,
unit_Shyvana,trait_Targon,
unit_Shyvana,n_full_items_on_hi_cost,
unit_Shyvana,n_emblems,
unit_Shyvana,n_hi_cost,
unit_Shyvana,patch_16.2,
unit_Shyvana,unit_Ornn,
unit_Shyvana,unit_Swain,
unit_Shyvana,trait_Blacksmith,
unit_Shyvana,unit_Ambessa,
unit_Shyvana,item_JeweledGauntlet,
unit_Shyvana,unit_Azir,
unit_Shyvana,unit_Shyvana,
trait_Bilgewater,n_full_items,
trait_Bilgewater,level,
trait_Bilgewater,n_3star,
trait_Bilgewater,item_ThiefsGloves,
trait_Bilgewater,n_hi_cost_2star,
trait_Bilgewater,n_1star,
trait_Bilgewater,n_carries,
trait_Bilgewater,n_2star,
trait_Bilgewater,n_active_traits,
trait_Bilgewater,sum_cost,
trait_Bilgewater,item_EmptyBag,
trait_Bilgewater,n_hi_cost_1star,
trait_Bilgewater,mean_cost,
trait_Bilgewater,trait_Targon,
trait_Bilgewater,n_full_items_on_hi_cost,
trait_Bilgewater,n_emblems,
trait_Bilgewater,n_hi_cost,
trait_Bilgewater,patch_16.2,
trait_Bilgewater,unit_Ornn,
trait_Bilgewater,unit_Swain,
trait_Bilgewater,trait_Blacksmith,
trait_Bilgewater,unit_Ambessa,
trait_Bilgewater,item_JeweledGauntlet,
trait_Bilgewater,unit_Azir,
trait_Bilgewater,unit_Shyvana,
trait_Bilgewater,trait_Bilgewater,
unit_Taric,n_full_items,
unit_Taric,level,
unit_Taric,n_3star,
unit_Taric,item_ThiefsGloves,
unit_Taric,n_hi_cost_2star,
unit_Taric,n_1star,
unit_Taric,n_carries,
unit_Taric,n_2star,
unit_Taric,n_active_traits,
unit_Taric,sum_cost,
unit_Taric,item_EmptyBag,
unit_Taric,n_hi_cost_1star,
unit_Taric,mean_cost,
unit_Taric,trait_Targon,
unit_Taric,n_full_items_on_hi_cost,
unit_Taric,n_emblems,
unit_Taric,n_hi_cost,
unit_Taric,patch_16.2,
unit_Taric,unit_Ornn,
unit_Taric,unit_Swain,
unit_Taric,trait_Blacksmith,
unit_Taric,unit_Ambessa,
unit_Taric,item_JeweledGauntlet,
unit_Taric,unit_Azir,
unit_Taric,unit_Shyvana,
unit_Taric,trait_Bilgewater,
unit_Taric,unit_Taric,
unit_Galio,n_full_items,
unit_Galio,level,
unit_Galio,n_3star,
unit_Galio,item_ThiefsGloves,
unit_Galio,n_hi_cost_2star,
unit_Galio,n_1star,
unit_Galio,n_carries,
unit_Galio,n_2star,
unit_Galio,n_active_traits,
unit_Galio,sum_cost,
unit_Galio,item_EmptyBag,
unit_Galio,n_hi_cost_1star,
unit_Galio,mean_cost,
unit_Galio,trait_Targon,
unit_Galio,n_full_items_on_hi_cost,
unit_Galio,n_emblems,
unit_Galio,n_hi_cost,
unit_Galio,patch_16.2,
unit_Galio,unit_Ornn,
unit_Galio,unit_Swain,
unit_Galio,trait_Blacksmith,
unit_Galio,unit_Ambessa,
unit_Galio,item_JeweledGauntlet,
unit_Galio,unit_Azir,
unit_Galio,unit_Shyvana,
unit_Galio,trait_Bilgewater,
unit_Galio,unit_Taric,
unit_Galio,unit_Galio,
unit_Singed,n_full_items,
unit_Singed,level,
unit_Singed,n_3star,
unit_Singed,item_ThiefsGloves,
unit_Singed,n_hi_cost_2star,
unit_Singed,n_1star,
unit_Singed,n_carries,
unit_Singed,n_2star,
unit_Singed,n_active_traits,
unit_Singed,sum_cost,
unit_Singed,item_EmptyBag,
unit_Singed,n_hi_cost_1star,
unit_Singed,mean_cost,
unit_Singed,trait_Targon,
unit_Singed,n_full_items_on_hi_cost,
unit_Singed,n_emblems,
unit_Singed,n_hi_cost,
unit_Singed,patch_16.2,
unit_Singed,unit_Ornn,
unit_Singed,unit_Swain,
unit_Singed,trait_Blacksmith,
unit_Singed,unit_Ambessa,
unit_Singed,item_JeweledGauntlet,
unit_Singed,unit_Azir,
unit_Singed,unit_Shyvana,
unit_Singed,trait_Bilgewater,
unit_Singed,unit_Taric,
unit_Singed,unit_Galio,
unit_Singed,unit_Singed,
unit_MissFortune,n_full_items,
unit_MissFortune,level,
unit_MissFortune,n_3star,
unit_MissFortune,item_ThiefsGloves,
unit_MissFortune,n_hi_cost_2star,
unit_MissFortune,n_1star,
unit_MissFortune,n_carries,
unit_MissFortune,n_2star,
unit_MissFortune,n_active_traits,
unit_MissFortune,sum_cost,
unit_MissFortune,item_EmptyBag,
unit_MissFortune,n_hi_cost_1star,
unit_MissFortune,mean_cost,
unit_MissFortune,trait_Targon,
unit_MissFortune,n_full_items_on_hi_cost,
unit_MissFortune,n_emblems,
unit_MissFortune,n_hi_cost,
unit_MissFortune,patch_16.2,
unit_MissFortune,unit_Ornn,
unit_MissFortune,unit_Swain,
unit_MissFortune,trait_Blacksmith,
unit_MissFortune,unit_Ambessa,
unit_MissFortune,item_JeweledGauntlet,
unit_MissFortune,unit_Azir,
unit_MissFortune,unit_Shyvana,
unit_MissFortune,trait_Bilgewater,
unit_MissFortune,unit_Taric,
unit_MissFortune,unit_Galio,
unit_MissFortune,unit_Singed,
unit_MissFortune,unit_MissFortune,
n_artifacts,n_full_items,
n_artifacts,level,
n_artifacts,n_3star,
n_artifacts,item_ThiefsGloves,
n_artifacts,n_hi_cost_2star,
n_artifacts,n_1star,
n_artifacts,n_carries,
n_artifacts,n_2star,
n_artifacts,n_active_traits,
n_artifacts,sum_cost,
n_artifacts,item_EmptyBag,
n_artifacts,n_hi_cost_1star,
n_artifacts,mean_cost,
n_artifacts,trait_Targon,
n_artifacts,n_full_items_on_hi_cost,
n_artifacts,n_emblems,
n_artifacts,n_hi_cost,
n_artifacts,patch_16.2,
n_artifacts,unit_Ornn,
n_artifacts,unit_Swain,
n_artifacts,trait_Blacksmith,
n_artifacts,unit_Ambessa,
n_artifacts,item_JeweledGauntlet,
n_artifacts,unit_Azir,
n_artifacts,unit_Shyvana,
n_artifacts,trait_Bilgewater,
n_artifacts,unit_Taric,
n_artifacts,unit_Galio,
n_artifacts,unit_Singed,
n_artifacts,unit_MissFortune,
n_artifacts,n_artifacts,
trait_Emperor,n_full_items,
trait_Emperor,level,
trait_Emperor,n_3star,
trait_Emperor,item_ThiefsGloves,
trait_Emperor,n_hi_cost_2star,
trait_Emperor,n_1star,
trait_Emperor,n_carries,
trait_Emperor,n_2star,
trait_Emperor,n_active_traits,
trait_Emperor,sum_cost,
trait_Emperor,item_EmptyBag,
trait_Emperor,n_hi_cost_1star,
trait_Emperor,mean_cost,
trait_Emperor,trait_Targon,
trait_Emperor,n_full_items_on_hi_cost,
trait_Emperor,n_emblems,
trait_Emperor,n_hi_cost,
trait_Emperor,patch_16.2,
trait_Emperor,unit_Ornn,
trait_Emperor,unit_Swain,
trait_Emperor,trait_Blacksmith,
trait_Emperor,unit_Ambessa,
trait_Emperor,item_JeweledGauntlet,
trait_Emperor,unit_Azir,
trait_Emperor,unit_Shyvana,
trait_Emperor,trait_Bilgewater,
trait_Emperor,unit_Taric,
trait_Emperor,unit_Galio,
trait_Emperor,unit_Singed,
trait_Emperor,unit_MissFortune,
trait_Emperor,n_artifacts,
trait_Emperor,trait_Emperor,
trait_ShyvanaUnique,n_full_items,
trait_ShyvanaUnique,level,
trait_ShyvanaUnique,n_3star,
trait_ShyvanaUnique,item_ThiefsGloves,
trait_ShyvanaUnique,n_hi_cost_2star,
trait_ShyvanaUnique,n_1star,
trait_ShyvanaUnique,n_carries,
trait_ShyvanaUnique,n_2star,
trait_ShyvanaUnique,n_active_traits,
trait_ShyvanaUnique,sum_cost,
trait_ShyvanaUnique,item_EmptyBag,
trait_ShyvanaUnique,n_hi_cost_1star,
trait_ShyvanaUnique,mean_cost,
trait_ShyvanaUnique,trait_Targon,
trait_ShyvanaUnique,n_full_items_on_hi_cost,
trait_ShyvanaUnique,n_emblems,
trait_ShyvanaUnique,n_hi_cost,
trait_ShyvanaUnique,patch_16.2,
trait_ShyvanaUnique,unit_Ornn,
trait_ShyvanaUnique,unit_Swain,
trait_ShyvanaUnique,trait_Blacksmith,
trait_ShyvanaUnique,unit_Ambessa,
trait_ShyvanaUnique,item_JeweledGauntlet,
trait_ShyvanaUnique,unit_Azir,
trait_ShyvanaUnique,unit_Shyvana,
trait_ShyvanaUnique,trait_Bilgewater,
trait_ShyvanaUnique,unit_Taric,
trait_ShyvanaUnique,unit_Galio,
trait_ShyvanaUnique,unit_Singed,
trait_ShyvanaUnique,unit_MissFortune,
trait_ShyvanaUnique,n_artifacts,
trait_ShyvanaUnique,trait_Emperor,
trait_ShyvanaUnique,trait_ShyvanaUnique,
unit_Fizz,n_full_items,
unit_Fizz,level,
unit_Fizz,n_3star,
unit_Fizz,item_ThiefsGloves,
unit_Fizz,n_hi_cost_2star,
unit_Fizz,n_1star,
unit_Fizz,n_carries,
unit_Fizz,n_2star,
unit_Fizz,n_active_traits,
unit_Fizz,sum_cost,
unit_Fizz,item_EmptyBag,
unit_Fizz,n_hi_cost_1star,
unit_Fizz,mean_cost,
unit_Fizz,trait_Targon,
unit_Fizz,n_full_items_on_hi_cost,
unit_Fizz,n_emblems,
unit_Fizz,n_hi_cost,
unit_Fizz,patch_16.2,
unit_Fizz,unit_Ornn,
unit_Fizz,unit_Swain,
unit_Fizz,trait_Blacksmith,
unit_Fizz,unit_Ambessa,
unit_Fizz,item_JeweledGauntlet,
unit_Fizz,unit_Azir,
unit_Fizz,unit_Shyvana,
unit_Fizz,trait_Bilgewater,
unit_Fizz,unit_Taric,
unit_Fizz,unit_Galio,
unit_Fizz,unit_Singed,
unit_Fizz,unit_MissFortune,
unit_Fizz,n_artifacts,
unit_Fizz,trait_Emperor,
unit_Fizz,trait_ShyvanaUnique,
unit_Fizz,unit_Fizz,
n_traits_gold_plus,n_full_items,
n_traits_gold_plus,level,
n_traits_gold_plus,n_3star,
n_traits_gold_plus,item_ThiefsGloves,
n_traits_gold_plus,n_hi_cost_2star,
n_traits_gold_plus,n_1star,
n_traits_gold_plus,n_carries,
n_traits_gold_plus,n_2star,
n_traits_gold_plus,n_active_traits,
n_traits_gold_plus,sum_cost,
n_traits_gold_plus,item_EmptyBag,
n_traits_gold_plus,n_hi_cost_1star,
n_traits_gold_plus,mean_cost,
n_traits_gold_plus,trait_Targon,
n_traits_gold_plus,n_full_items_on_hi_cost,
n_traits_gold_plus,n_emblems,
n_traits_gold_plus,n_hi_cost,
n_traits_gold_plus,patch_16.2,
n_traits_gold_plus,unit_Ornn,
n_traits_gold_plus,unit_Swain,
n_traits_gold_plus,trait_Blacksmith,
n_traits_gold_plus,unit_Ambessa,
n_traits_gold_plus,item_JeweledGauntlet,
n_traits_gold_plus,unit_Azir,
n_traits_gold_plus,unit_Shyvana,
n_traits_gold_plus,trait_Bilgewater,
n_traits_gold_plus,unit_Taric,
n_traits_gold_plus,unit_Galio,
n_traits_gold_plus,unit_Singed,
n_traits_gold_plus,unit_MissFortune,
n_traits_gold_plus,n_artifacts,
n_traits_gold_plus,trait_Emperor,
n_traits_gold_plus,trait_ShyvanaUnique,
n_traits_gold_plus,unit_Fizz,
n_traits_gold_plus,n_traits_gold_plus,
patch_16.5,n_full_items,
patch_16.5,level,
patch_16.5,n_3star,
patch_16.5,item_ThiefsGloves,
patch_16.5,n_hi_cost_2star,
patch_16.5,n_1star,
patch_16.5,n_carries,
patch_16.5,n_2star,
patch_16.5,n_active_traits,
patch_16.5,sum_cost,
patch_16.5,item_EmptyBag,
patch_16.5,n_hi_cost_1star,
patch_16.5,mean_cost,
patch_16.5,trait_Targon,
patch_16.5,n_full_items_on_hi_cost,
patch_16.5,n_emblems,
patch_16.5,n_hi_cost,
patch_16.5,patch_16.2,
patch_16.5,unit_Ornn,
patch_16.5,unit_Swain,
patch_16.5,trait_Blacksmith,
patch_16.5,unit_Ambessa,
patch_16.5,item_JeweledGauntlet,
patch_16.5,unit_Azir,
patch_16.5,unit_Shyvana,
patch_16.5,trait_Bilgewater,
patch_16.5,unit_Taric,
patch_16.5,unit_Galio,
patch_16.5,unit_Singed,
patch_16.5,unit_MissFortune,
patch_16.5,n_artifacts,
patch_16.5,trait_Emperor,
patch_16.5,trait_ShyvanaUnique,
patch_16.5,unit_Fizz,
patch_16.5,n_traits_gold_plus,
patch_16.5,patch_16.5,
trait_Sorcerer,n_full_items,
trait_Sorcerer,level,
trait_Sorcerer,n_3star,
trait_Sorcerer,item_ThiefsGloves,
trait_Sorcerer,n_hi_cost_2star,
trait_Sorcerer,n_1star,
trait_Sorcerer,n_carries,
trait_Sorcerer,n_2star,
trait_Sorcerer,n_active_traits,
trait_Sorcerer,sum_cost,
trait_Sorcerer,item_EmptyBag,
trait_Sorcerer,n_hi_cost_1star,
trait_Sorcerer,mean_cost,
trait_Sorcerer,trait_Targon,
trait_Sorcerer,n_full_items_on_hi_cost,
trait_Sorcerer,n_emblems,
trait_Sorcerer,n_hi_cost,
trait_Sorcerer,patch_16.2,
trait_Sorcerer,unit_Ornn,
trait_Sorcerer,unit_Swain,
trait_Sorcerer,trait_Blacksmith,
trait_Sorcerer,unit_Ambessa,
trait_Sorcerer,item_JeweledGauntlet,
trait_Sorcerer,unit_Azir,
trait_Sorcerer,unit_Shyvana,
trait_Sorcerer,trait_Bilgewater,
trait_Sorcerer,unit_Taric,
trait_Sorcerer,unit_Galio,
trait_Sorcerer,unit_Singed,
trait_Sorcerer,unit_MissFortune,
trait_Sorcerer,n_artifacts,
trait_Sorcerer,trait_Emperor,
trait_Sorcerer,trait_ShyvanaUnique,
trait_Sorcerer,unit_Fizz,
trait_Sorcerer,n_traits_gold_plus,
trait_Sorcerer,patch_16.5,
trait_Sorcerer,trait_Sorcerer,
unit_Loris,n_full_items,
unit_Loris,level,
unit_Loris,n_3star,
unit_Loris,item_ThiefsGloves,
unit_Loris,n_hi_cost_2star,
unit_Loris,n_1star,
unit_Loris,n_carries,
unit_Loris,n_2star,
unit_Loris,n_active_traits,
unit_Loris,sum_cost,
unit_Loris,item_EmptyBag,
unit_Loris,n_hi_cost_1star,
unit_Loris,mean_cost,
unit_Loris,trait_Targon,
unit_Loris,n_full_items_on_hi_cost,
unit_Loris,n_emblems,
unit_Loris,n_hi_cost,
unit_Loris,patch_16.2,
unit_Loris,unit_Ornn,
unit_Loris,unit_Swain,
unit_Loris,trait_Blacksmith,
unit_Loris,unit_Ambessa,
unit_Loris,item_JeweledGauntlet,
unit_Loris,unit_Azir,
unit_Loris,unit_Shyvana,
unit_Loris,trait_Bilgewater,
unit_Loris,unit_Taric,
unit_Loris,unit_Galio,
unit_Loris,unit_Singed,
unit_Loris,unit_MissFortune,
unit_Loris,n_artifacts,
unit_Loris,trait_Emperor,
unit_Loris,trait_ShyvanaUnique,
unit_Loris,unit_Fizz,
unit_Loris,n_traits_gold_plus,
unit_Loris,patch_16.5,
unit_Loris,trait_Sorcerer,
unit_Loris,unit_Loris,
item_SpectralGauntlet,n_full_items,
item_SpectralGauntlet,level,
item_SpectralGauntlet,n_3star,
item_SpectralGauntlet,item_ThiefsGloves,
item_SpectralGauntlet,n_hi_cost_2star,
item_SpectralGauntlet,n_1star,
item_SpectralGauntlet,n_carries,
item_SpectralGauntlet,n_2star,
item_SpectralGauntlet,n_active_traits,
item_SpectralGauntlet,sum_cost,
item_SpectralGauntlet,item_EmptyBag,
item_SpectralGauntlet,n_hi_cost_1star,
item_SpectralGauntlet,mean_cost,
item_SpectralGauntlet,trait_Targon,
item_SpectralGauntlet,n_full_items_on_hi_cost,
item_SpectralGauntlet,n_emblems,
item_SpectralGauntlet,n_hi_cost,
item_SpectralGauntlet,patch_16.2,
item_SpectralGauntlet,unit_Ornn,
item_SpectralGauntlet,unit_Swain,
item_SpectralGauntlet,trait_Blacksmith,
item_SpectralGauntlet,unit_Ambessa,
item_SpectralGauntlet,item_JeweledGauntlet,
item_SpectralGauntlet,unit_Azir,
item_SpectralGauntlet,unit_Shyvana,
item_SpectralGauntlet,trait_Bilgewater,
item_SpectralGauntlet,unit_Taric,
item_SpectralGauntlet,unit_Galio,
item_SpectralGauntlet,unit_Singed,
item_SpectralGauntlet,unit_MissFortune,
item_SpectralGauntlet,n_artifacts,
item_SpectralGauntlet,trait_Emperor,
item_SpectralGauntlet,trait_ShyvanaUnique,
item_SpectralGauntlet,unit_Fizz,
item_SpectralGauntlet,n_traits_gold_plus,
item_SpectralGauntlet,patch_16.5,
item_SpectralGauntlet,trait_Sorcerer,
item_SpectralGauntlet,unit_Loris,
item_SpectralGauntlet,item_SpectralGauntlet,
unit_Volibear,n_full_items,
unit_Volibear,level,
unit_Volibear,n_3star,
unit_Volibear,item_ThiefsGloves,
unit_Volibear,n_hi_cost_2star,
unit_Volibear,n_1star,
unit_Volibear,n_carries,
unit_Volibear,n_2star,
unit_Volibear,n_active_traits,
unit_Volibear,sum_cost,
unit_Volibear,item_EmptyBag,
unit_Volibear,n_hi_cost_1star,
unit_Volibear,mean_cost,
unit_Volibear,trait_Targon,
unit_Volibear,n_full_items_on_hi_cost,
unit_Volibear,n_emblems,
unit_Volibear,n_hi_cost,
unit_Volibear,patch_16.2,
unit_Volibear,unit_Ornn,
unit_Volibear,unit_Swain,
unit_Volibear,trait_Blacksmith,
unit_Volibear,unit_Ambessa,
unit_Volibear,item_JeweledGauntlet,
unit_Volibear,unit_Azir,
unit_Volibear,unit_Shyvana,
unit_Volibear,trait_Bilgewater,
unit_Volibear,unit_Taric,
unit_Volibear,unit_Galio,
unit_Volibear,unit_Singed,
unit_Volibear,unit_MissFortune,
unit_Volibear,n_artifacts,
unit_Volibear,trait_Emperor,
unit_Volibear,trait_ShyvanaUnique,
unit_Volibear,unit_Fizz,
unit_Volibear,n_traits_gold_plus,
unit_Volibear,patch_16.5,
unit_Volibear,trait_Sorcerer,
unit_Volibear,unit_Loris,
unit_Volibear,item_SpectralGauntlet,
unit_Volibear,unit_Volibear,
